Sample	Program	Stat	Value
P-6240_S-8628	P-6240_S-8628_cNMF_program_malignant_5	S.Score	0.0849988988758349
BT2016062	BT2016062_cNMF_program_malignant_5	S.Score	0.3039600439061952
P-6117_S-8370	P-6117_S-8370_cNMF_program_malignant_7	S.Score	-0.10208329278160233
P-1694_S-1694	P-1694_S-1694_cNMF_program_malignant_3	S.Score	-0.13770586414967276
P-1780_S-1780	P-1780_S-1780_cNMF_program_malignant_4	S.Score	0.03773729976989008
P-1190_S-1197	P-1190_S-1197_cNMF_program_malignant_3	S.Score	-0.008581545477020287
P-3200_S-3254	P-3200_S-3254_cNMF_program_malignant_1	S.Score	0.030792032885363068
P-6388_S-8770	P-6388_S-8770_cNMF_program_malignant_1	S.Score	0.0391927916919716
P-1775_S-1775	P-1775_S-1775_cNMF_program_malignant_2	S.Score	-0.058284841553094054
P-6329_S-8673	P-6329_S-8673_cNMF_program_malignant_2	S.Score	0.06829285858226261
P-2687_S-2688	P-2687_S-2688_cNMF_program_malignant_8	S.Score	-0.009672204462818933
P-3198_S-3199	P-3198_S-3199_cNMF_program_malignant_3	S.Score	-0.02929934480905143
P-6308_S-8632	P-6308_S-8632_cNMF_program_malignant_3	S.Score	-0.13425525575378833
P-6292_S-8579	P-6292_S-8579_cNMF_program_malignant_8	S.Score	0.06895165303110026
P-6431_S-8842	P-6431_S-8842_cNMF_program_malignant_2	S.Score	0.016232830509237284
P-6308_S-8632	P-6308_S-8632_cNMF_program_malignant_2	S.Score	-0.15920684604803428
P-6519_S-9084	P-6519_S-9084_cNMF_program_malignant_7	S.Score	-0.10818230409465222
P-1764_S-1766	P-1764_S-1766_cNMF_program_malignant_4	S.Score	0.06808368679953015
P-1741_S-2756	P-1741_S-2756_cNMF_program_malignant_4	S.Score	0.0070826492946596585
P-6254_S-8499	P-6254_S-8499_cNMF_program_malignant_5	S.Score	0.0911965434151492
P-2687_S-2688	P-2687_S-2688_cNMF_program_malignant_1	S.Score	-0.012727381947891338
P-5099_S-6218	P-5099_S-6218_cNMF_program_malignant_2	S.Score	0.17637701571312434
P-6255_S-8500	P-6255_S-8500_cNMF_program_malignant_1	S.Score	0.003261455492518966
P-1780_S-1780	P-1780_S-1780_cNMF_program_malignant_2	S.Score	0.24022354736921753
P-3407_S-3447	P-3407_S-3447_cNMF_program_malignant_2	S.Score	0.11874799807453867
P-4198_S-4459	P-4198_S-4459_cNMF_program_malignant_2	S.Score	0.07034903264743154
P-4504_S-4916	P-4504_S-4916_cNMF_program_malignant_4	S.Score	0.03858953619796981
P-6328_S-8672	P-6328_S-8672_cNMF_program_malignant_1	S.Score	0.12989266180228454
P-1694_S-1694	P-1694_S-1694_cNMF_program_malignant_1	S.Score	-0.33863468523277435
P-6774_S-10146	P-6774_S-10146_cNMF_program_malignant_5	S.Score	-0.007777539147554484
P-1775_S-1775	P-1775_S-1775_cNMF_program_malignant_6	S.Score	0.09704566237007672
P-3387_S-3411	P-3387_S-3411_cNMF_program_malignant_6	S.Score	0.10473465255943444
P-6251_S-8496	P-6251_S-8496_cNMF_program_malignant_4	S.Score	0.061612272968377485
P-1701_S-1701	P-1701_S-1701_cNMF_program_malignant_7	S.Score	0.27344402350479435
P-1779_S-1781	P-1779_S-1781_cNMF_program_malignant_4	S.Score	0.06206271588870839
P-1713_S-1713	P-1713_S-1713_cNMF_program_malignant_5	S.Score	0.381528801560994
P-6431_S-8842	P-6431_S-8842_cNMF_program_malignant_6	S.Score	0.04438299118707244
P-6640_S-9581	P-6640_S-9581_cNMF_program_malignant_2	S.Score	-0.08212002351001996
P-1969_S-3584	P-1969_S-3584_cNMF_program_malignant_1	S.Score	0.5277639654831529
P-6255_S-8500	P-6255_S-8500_cNMF_program_malignant_5	S.Score	0.17850230659685393
P-6240_S-8628	P-6240_S-8628_cNMF_program_malignant_1	S.Score	0.43363965990907183
P-6166_S-8321	P-6166_S-8321_cNMF_program_malignant_3	S.Score	0.5866087319183361
BT2018022	BT2018022_cNMF_program_malignant_4	S.Score	0.01783918198868703
P-6337_S-8821	P-6337_S-8821_cNMF_program_malignant_4	S.Score	0.4037412709541766
P-6640_S-9581	P-6640_S-9581_cNMF_program_malignant_3	S.Score	0.5222702332898238
P-3198_S-3199	P-3198_S-3199_cNMF_program_malignant_5	S.Score	-0.0548821644152776
P-1190_S-1197	P-1190_S-1197_cNMF_program_malignant_1	S.Score	-0.2126197939318175
P-6388_S-8770	P-6388_S-8770_cNMF_program_malignant_5	S.Score	-0.2930008774039619
P-6774_S-10146	P-6774_S-10146_cNMF_program_malignant_1	S.Score	-0.01180294270302637
P-4504_S-4916	P-4504_S-4916_cNMF_program_malignant_6	S.Score	-0.16171825151293387
P-1779_S-1781	P-1779_S-1781_cNMF_program_malignant_2	S.Score	-0.14867576763540039
P-1780_S-1780	P-1780_S-1780_cNMF_program_malignant_8	S.Score	-0.21708269022153842
P-4198_S-4459	P-4198_S-4459_cNMF_program_malignant_3	S.Score	-0.024021082389302978
P-6328_S-8672	P-6328_S-8672_cNMF_program_malignant_7	S.Score	-0.14281089372830338
P-1741_S-2756	P-1741_S-2756_cNMF_program_malignant_5	S.Score	-0.08882612028812376
P-3407_S-3447	P-3407_S-3447_cNMF_program_malignant_5	S.Score	-0.14710095191159916
P-3200_S-3254	P-3200_S-3254_cNMF_program_malignant_2	S.Score	-0.10351914319337384
P-6308_S-8632	P-6308_S-8632_cNMF_program_malignant_6	S.Score	-0.06444792928221066
P-2687_S-2688	P-2687_S-2688_cNMF_program_malignant_7	S.Score	-0.1369325859021806
P-6254_S-8499	P-6254_S-8499_cNMF_program_malignant_7	S.Score	-0.025578747855109517
P-6255_S-8500	P-6255_S-8500_cNMF_program_malignant_4	S.Score	-0.13988991529852293
P-1775_S-1775	P-1775_S-1775_cNMF_program_malignant_1	S.Score	-0.223451343450526
P-1764_S-1766	P-1764_S-1766_cNMF_program_malignant_7	S.Score	-0.09099753597285337
P-5099_S-6218	P-5099_S-6218_cNMF_program_malignant_7	S.Score	-0.176965242988449
P-1713_S-1713	P-1713_S-1713_cNMF_program_malignant_1	S.Score	0.027232358185221968
P-6774_S-10146	P-6774_S-10146_cNMF_program_malignant_6	S.Score	-0.19747872746408557
P-6328_S-8672	P-6328_S-8672_cNMF_program_malignant_8	S.Score	-0.14373747596141861
P-3407_S-3447	P-3407_S-3447_cNMF_program_malignant_6	S.Score	-0.061042264324091315
P-1780_S-1780	P-1780_S-1780_cNMF_program_malignant_7	S.Score	-0.012725052652586845
P-6117_S-8370	P-6117_S-8370_cNMF_program_malignant_8	S.Score	-0.2410414958380628
P-6519_S-9084	P-6519_S-9084_cNMF_program_malignant_2	S.Score	-0.09463705992898344
P-6640_S-9581	P-6640_S-9581_cNMF_program_malignant_5	S.Score	-0.26833690091141255
P-1713_S-1713	P-1713_S-1713_cNMF_program_malignant_2	S.Score	-0.09715545546410004
P-6337_S-8821	P-6337_S-8821_cNMF_program_malignant_1	S.Score	-0.14456389818917398
P-6519_S-9084	P-6519_S-9084_cNMF_program_malignant_6	S.Score	0.03281676744768122
P-1775_S-1775	P-1775_S-1775_cNMF_program_malignant_4	S.Score	-0.20158003586229548
P-1701_S-1701	P-1701_S-1701_cNMF_program_malignant_6	S.Score	-0.10367022996747713
P-4198_S-4459	P-4198_S-4459_cNMF_program_malignant_5	S.Score	-0.026582133176152746
P-2077_S-2077	P-2077_S-2077_cNMF_program_malignant_7	S.Score	0.032174299324509166
P-6251_S-8496	P-6251_S-8496_cNMF_program_malignant_5	S.Score	-0.02879797042343248
P-3407_S-3447	P-3407_S-3447_cNMF_program_malignant_3	S.Score	-0.10059986884343225
P-1780_S-1780	P-1780_S-1780_cNMF_program_malignant_6	S.Score	-0.1354928556756056
P-2077_S-2077	P-2077_S-2077_cNMF_program_malignant_1	S.Score	0.07223039222349689
P-1701_S-1701	P-1701_S-1701_cNMF_program_malignant_1	S.Score	-0.275683770805742
P-1741_S-2756	P-1741_S-2756_cNMF_program_malignant_1	S.Score	-0.13312044616650992
P-3198_S-3199	P-3198_S-3199_cNMF_program_malignant_4	S.Score	-0.04509977545484644
P-1969_S-3584	P-1969_S-3584_cNMF_program_malignant_6	S.Score	-0.05433406344267898
P-6331_S-8904	P-6331_S-8904_cNMF_program_malignant_5	S.Score	-0.23625881014184108
P-4198_S-4459	P-4198_S-4459_cNMF_program_malignant_7	S.Score	0.027920231549582956
P-3387_S-3411	P-3387_S-3411_cNMF_program_malignant_7	S.Score	-0.05490027480263491
P-1694_S-1694	P-1694_S-1694_cNMF_program_malignant_6	S.Score	0.07758766403191304
P-1190_S-1197	P-1190_S-1197_cNMF_program_malignant_4	S.Score	0.3166209489203599
P-3198_S-3199	P-3198_S-3199_cNMF_program_malignant_1	S.Score	0.12268778255623645
P-6388_S-8770	P-6388_S-8770_cNMF_program_malignant_4	S.Score	0.2318438987159583
P-6308_S-8632	P-6308_S-8632_cNMF_program_malignant_5	S.Score	-0.003905017217333688
P-6331_S-8904	P-6331_S-8904_cNMF_program_malignant_7	S.Score	0.20671546675467117
P-6240_S-8628	P-6240_S-8628_cNMF_program_malignant_4	S.Score	-0.21492056345519706
P-6308_S-8632	P-6308_S-8632_cNMF_program_malignant_1	S.Score	0.16708636048126294
P-3200_S-3254	P-3200_S-3254_cNMF_program_malignant_4	S.Score	-0.04539780427076235
P-6329_S-8673	P-6329_S-8673_cNMF_program_malignant_4	S.Score	-0.06121985046361293
P-5613_S-7162	P-5613_S-7162_cNMF_program_malignant_3	S.Score	0.0041860034013610214
P-6166_S-8321	P-6166_S-8321_cNMF_program_malignant_4	S.Score	0.12303413289032021
P-6117_S-8370	P-6117_S-8370_cNMF_program_malignant_4	S.Score	-0.1987359469725957
P-6337_S-8821	P-6337_S-8821_cNMF_program_malignant_5	S.Score	-0.18958803786816886
P-6292_S-8579	P-6292_S-8579_cNMF_program_malignant_2	S.Score	-0.2455173708576319
BT2018022	BT2018022_cNMF_program_malignant_1	S.Score	-0.4877916290553968
P-6431_S-8842	P-6431_S-8842_cNMF_program_malignant_7	S.Score	-0.1864447997684914
P-6251_S-8496	P-6251_S-8496_cNMF_program_malignant_2	S.Score	0.058025290598105364
P-1969_S-3584	P-1969_S-3584_cNMF_program_malignant_4	S.Score	-0.34689269216944996
P-3387_S-3411	P-3387_S-3411_cNMF_program_malignant_2	S.Score	-0.044478426560162536
P-1780_S-1780	P-1780_S-1780_cNMF_program_malignant_1	S.Score	-0.1764903818125506
P-1701_S-1701	P-1701_S-1701_cNMF_program_malignant_5	S.Score	-0.11850460721984944
P-1713_S-1713	P-1713_S-1713_cNMF_program_malignant_4	S.Score	-0.1949193126676488
P-4198_S-4459	P-4198_S-4459_cNMF_program_malignant_8	S.Score	-0.03640255884765188
BT2016062	BT2016062_cNMF_program_malignant_1	S.Score	-0.31719859254359334
P-1713_S-1713	P-1713_S-1713_cNMF_program_malignant_3	S.Score	-0.16370215183223444
P-2077_S-2077	P-2077_S-2077_cNMF_program_malignant_5	S.Score	-0.04860115378153064
P-6251_S-8496	P-6251_S-8496_cNMF_program_malignant_1	S.Score	-0.041385401710484215
P-1779_S-1781	P-1779_S-1781_cNMF_program_malignant_6	S.Score	0.09047951319864499
P-3200_S-3867	P-3200_S-3867_cNMF_program_malignant_4	S.Score	0.015459363707535112
P-6331_S-8904	P-6331_S-8904_cNMF_program_malignant_1	S.Score	0.07266300282479637
P-2077_S-2077	P-2077_S-2077_cNMF_program_malignant_3	S.Score	-0.012677078429259709
P-1764_S-1766	P-1764_S-1766_cNMF_program_malignant_2	S.Score	-0.038246642473352854
P-5613_S-7162	P-5613_S-7162_cNMF_program_malignant_1	S.Score	-0.0696692337319609
P-6240_S-8628	P-6240_S-8628_cNMF_program_malignant_5	G2M.Score	-0.03380446715193266
BT2016062	BT2016062_cNMF_program_malignant_5	G2M.Score	-0.014445201060710079
P-6117_S-8370	P-6117_S-8370_cNMF_program_malignant_7	G2M.Score	-0.15172501115299317
P-1694_S-1694	P-1694_S-1694_cNMF_program_malignant_3	G2M.Score	-0.06244438270863709
P-1780_S-1780	P-1780_S-1780_cNMF_program_malignant_4	G2M.Score	0.05734895076530295
P-1190_S-1197	P-1190_S-1197_cNMF_program_malignant_3	G2M.Score	0.12649054886909714
P-3200_S-3254	P-3200_S-3254_cNMF_program_malignant_1	G2M.Score	0.005888936805756786
P-6388_S-8770	P-6388_S-8770_cNMF_program_malignant_1	G2M.Score	0.1935319482734805
P-1775_S-1775	P-1775_S-1775_cNMF_program_malignant_2	G2M.Score	0.10191617041684864
P-6329_S-8673	P-6329_S-8673_cNMF_program_malignant_2	G2M.Score	0.1857979032598273
P-2687_S-2688	P-2687_S-2688_cNMF_program_malignant_8	G2M.Score	-0.0808941491210052
P-3198_S-3199	P-3198_S-3199_cNMF_program_malignant_3	G2M.Score	0.026268686139678157
P-6308_S-8632	P-6308_S-8632_cNMF_program_malignant_3	G2M.Score	-0.030131978147301987
P-6292_S-8579	P-6292_S-8579_cNMF_program_malignant_8	G2M.Score	-0.11986862601013888
P-6431_S-8842	P-6431_S-8842_cNMF_program_malignant_2	G2M.Score	-0.19302997005429492
P-6308_S-8632	P-6308_S-8632_cNMF_program_malignant_2	G2M.Score	-0.03742344666095299
P-6519_S-9084	P-6519_S-9084_cNMF_program_malignant_7	G2M.Score	-0.20513996694651807
P-1764_S-1766	P-1764_S-1766_cNMF_program_malignant_4	G2M.Score	-0.08495089803743003
P-1741_S-2756	P-1741_S-2756_cNMF_program_malignant_4	G2M.Score	-0.034357255749110416
P-6254_S-8499	P-6254_S-8499_cNMF_program_malignant_5	G2M.Score	0.024802122538878965
P-2687_S-2688	P-2687_S-2688_cNMF_program_malignant_1	G2M.Score	-0.1771511433746407
P-5099_S-6218	P-5099_S-6218_cNMF_program_malignant_2	G2M.Score	0.13648142573412045
P-6255_S-8500	P-6255_S-8500_cNMF_program_malignant_1	G2M.Score	-0.3063192691026679
P-1780_S-1780	P-1780_S-1780_cNMF_program_malignant_2	G2M.Score	0.004337494769290251
P-3407_S-3447	P-3407_S-3447_cNMF_program_malignant_2	G2M.Score	-0.027482847230978637
P-4198_S-4459	P-4198_S-4459_cNMF_program_malignant_2	G2M.Score	0.017340058037657518
P-4504_S-4916	P-4504_S-4916_cNMF_program_malignant_4	G2M.Score	-0.14272924087047567
P-6328_S-8672	P-6328_S-8672_cNMF_program_malignant_1	G2M.Score	-0.008780825442853754
P-1694_S-1694	P-1694_S-1694_cNMF_program_malignant_1	G2M.Score	-0.33840160949722015
P-6774_S-10146	P-6774_S-10146_cNMF_program_malignant_5	G2M.Score	-0.012178936852758978
P-1775_S-1775	P-1775_S-1775_cNMF_program_malignant_6	G2M.Score	-0.33502325326053056
P-3387_S-3411	P-3387_S-3411_cNMF_program_malignant_6	G2M.Score	0.0742553810897921
P-6251_S-8496	P-6251_S-8496_cNMF_program_malignant_4	G2M.Score	0.005465720009712345
P-1701_S-1701	P-1701_S-1701_cNMF_program_malignant_7	G2M.Score	0.06149117310895133
P-1779_S-1781	P-1779_S-1781_cNMF_program_malignant_4	G2M.Score	-0.07109110431600353
P-1713_S-1713	P-1713_S-1713_cNMF_program_malignant_5	G2M.Score	0.39426961029709745
P-6431_S-8842	P-6431_S-8842_cNMF_program_malignant_6	G2M.Score	0.001245974590614127
P-6640_S-9581	P-6640_S-9581_cNMF_program_malignant_2	G2M.Score	-0.31707016968470675
P-1969_S-3584	P-1969_S-3584_cNMF_program_malignant_1	G2M.Score	0.8793929626024444
P-6255_S-8500	P-6255_S-8500_cNMF_program_malignant_5	G2M.Score	0.5390379873487255
P-6240_S-8628	P-6240_S-8628_cNMF_program_malignant_1	G2M.Score	0.9210002702994292
P-6166_S-8321	P-6166_S-8321_cNMF_program_malignant_3	G2M.Score	0.959314059103576
BT2018022	BT2018022_cNMF_program_malignant_4	G2M.Score	0.965841868404303
P-6337_S-8821	P-6337_S-8821_cNMF_program_malignant_4	G2M.Score	0.965567291124919
P-6640_S-9581	P-6640_S-9581_cNMF_program_malignant_3	G2M.Score	0.9714401540067655
P-3198_S-3199	P-3198_S-3199_cNMF_program_malignant_5	G2M.Score	-0.1334148557797301
P-1190_S-1197	P-1190_S-1197_cNMF_program_malignant_1	G2M.Score	-0.36355973082494664
P-6388_S-8770	P-6388_S-8770_cNMF_program_malignant_5	G2M.Score	-0.3563871735682993
P-6774_S-10146	P-6774_S-10146_cNMF_program_malignant_1	G2M.Score	-0.025750495231613213
P-4504_S-4916	P-4504_S-4916_cNMF_program_malignant_6	G2M.Score	-0.22129003139854217
P-1779_S-1781	P-1779_S-1781_cNMF_program_malignant_2	G2M.Score	-0.13586053322230968
P-1780_S-1780	P-1780_S-1780_cNMF_program_malignant_8	G2M.Score	-0.18884925474645514
P-4198_S-4459	P-4198_S-4459_cNMF_program_malignant_3	G2M.Score	-0.04792353152260722
P-6328_S-8672	P-6328_S-8672_cNMF_program_malignant_7	G2M.Score	-0.15064113352268999
P-1741_S-2756	P-1741_S-2756_cNMF_program_malignant_5	G2M.Score	-0.15632250991814295
P-3407_S-3447	P-3407_S-3447_cNMF_program_malignant_5	G2M.Score	-0.18067848108575565
P-3200_S-3254	P-3200_S-3254_cNMF_program_malignant_2	G2M.Score	-0.2456023834599648
P-6308_S-8632	P-6308_S-8632_cNMF_program_malignant_6	G2M.Score	-0.11463609030396778
P-2687_S-2688	P-2687_S-2688_cNMF_program_malignant_7	G2M.Score	-0.15096317918648722
P-6254_S-8499	P-6254_S-8499_cNMF_program_malignant_7	G2M.Score	-0.09043498571150102
P-6255_S-8500	P-6255_S-8500_cNMF_program_malignant_4	G2M.Score	-0.11040521251769982
P-1775_S-1775	P-1775_S-1775_cNMF_program_malignant_1	G2M.Score	-0.33152771461141556
P-1764_S-1766	P-1764_S-1766_cNMF_program_malignant_7	G2M.Score	-0.28350630809029803
P-5099_S-6218	P-5099_S-6218_cNMF_program_malignant_7	G2M.Score	-0.18379774098957627
P-1713_S-1713	P-1713_S-1713_cNMF_program_malignant_1	G2M.Score	-0.03510910160004945
P-6774_S-10146	P-6774_S-10146_cNMF_program_malignant_6	G2M.Score	-0.2574873402330723
P-6328_S-8672	P-6328_S-8672_cNMF_program_malignant_8	G2M.Score	-0.168505622301026
P-3407_S-3447	P-3407_S-3447_cNMF_program_malignant_6	G2M.Score	-0.07667420230457819
P-1780_S-1780	P-1780_S-1780_cNMF_program_malignant_7	G2M.Score	-0.051168523995018554
P-6117_S-8370	P-6117_S-8370_cNMF_program_malignant_8	G2M.Score	-0.23850825614793195
P-6519_S-9084	P-6519_S-9084_cNMF_program_malignant_2	G2M.Score	-0.05109517884386419
P-6640_S-9581	P-6640_S-9581_cNMF_program_malignant_5	G2M.Score	-0.32394255667715016
P-1713_S-1713	P-1713_S-1713_cNMF_program_malignant_2	G2M.Score	-0.06637696780754901
P-6337_S-8821	P-6337_S-8821_cNMF_program_malignant_1	G2M.Score	-0.11241581861709593
P-6519_S-9084	P-6519_S-9084_cNMF_program_malignant_6	G2M.Score	-0.002476533533069534
P-1775_S-1775	P-1775_S-1775_cNMF_program_malignant_4	G2M.Score	-0.20528324831067804
P-1701_S-1701	P-1701_S-1701_cNMF_program_malignant_6	G2M.Score	-0.12076622541772153
P-4198_S-4459	P-4198_S-4459_cNMF_program_malignant_5	G2M.Score	0.0483723353433759
P-2077_S-2077	P-2077_S-2077_cNMF_program_malignant_7	G2M.Score	0.05068935375687954
P-6251_S-8496	P-6251_S-8496_cNMF_program_malignant_5	G2M.Score	-0.14593495652612265
P-3407_S-3447	P-3407_S-3447_cNMF_program_malignant_3	G2M.Score	-0.10111718884453218
P-1780_S-1780	P-1780_S-1780_cNMF_program_malignant_6	G2M.Score	-0.13563050236528892
P-2077_S-2077	P-2077_S-2077_cNMF_program_malignant_1	G2M.Score	0.012327346934550048
P-1701_S-1701	P-1701_S-1701_cNMF_program_malignant_1	G2M.Score	-0.25374475797556195
P-1741_S-2756	P-1741_S-2756_cNMF_program_malignant_1	G2M.Score	-0.11131621374881451
P-3198_S-3199	P-3198_S-3199_cNMF_program_malignant_4	G2M.Score	-0.040010312364480716
P-1969_S-3584	P-1969_S-3584_cNMF_program_malignant_6	G2M.Score	-0.14579287626465218
P-6331_S-8904	P-6331_S-8904_cNMF_program_malignant_5	G2M.Score	-0.30058299014549666
P-4198_S-4459	P-4198_S-4459_cNMF_program_malignant_7	G2M.Score	0.0470065695966726
P-3387_S-3411	P-3387_S-3411_cNMF_program_malignant_7	G2M.Score	-0.07415639707611242
P-1694_S-1694	P-1694_S-1694_cNMF_program_malignant_6	G2M.Score	-0.04222092958583905
P-1190_S-1197	P-1190_S-1197_cNMF_program_malignant_4	G2M.Score	0.34974625619974115
P-3198_S-3199	P-3198_S-3199_cNMF_program_malignant_1	G2M.Score	0.158617112663158
P-6388_S-8770	P-6388_S-8770_cNMF_program_malignant_4	G2M.Score	0.13903254013952404
P-6308_S-8632	P-6308_S-8632_cNMF_program_malignant_5	G2M.Score	-0.057363626666939393
P-6331_S-8904	P-6331_S-8904_cNMF_program_malignant_7	G2M.Score	0.26345876770752286
P-6240_S-8628	P-6240_S-8628_cNMF_program_malignant_4	G2M.Score	-0.36913919408406465
P-6308_S-8632	P-6308_S-8632_cNMF_program_malignant_1	G2M.Score	-0.05177047991008899
P-3200_S-3254	P-3200_S-3254_cNMF_program_malignant_4	G2M.Score	-0.10983579000282133
P-6329_S-8673	P-6329_S-8673_cNMF_program_malignant_4	G2M.Score	-0.17550134594242148
P-5613_S-7162	P-5613_S-7162_cNMF_program_malignant_3	G2M.Score	-0.009752029979359339
P-6166_S-8321	P-6166_S-8321_cNMF_program_malignant_4	G2M.Score	-0.05054658530140157
P-6117_S-8370	P-6117_S-8370_cNMF_program_malignant_4	G2M.Score	-0.221413255986964
P-6337_S-8821	P-6337_S-8821_cNMF_program_malignant_5	G2M.Score	-0.22922873970755955
P-6292_S-8579	P-6292_S-8579_cNMF_program_malignant_2	G2M.Score	-0.25495871812976856
BT2018022	BT2018022_cNMF_program_malignant_1	G2M.Score	-0.7759948395765907
P-6431_S-8842	P-6431_S-8842_cNMF_program_malignant_7	G2M.Score	-0.24565295999875428
P-6251_S-8496	P-6251_S-8496_cNMF_program_malignant_2	G2M.Score	-0.30411935862946665
P-1969_S-3584	P-1969_S-3584_cNMF_program_malignant_4	G2M.Score	-0.5228945755904447
P-3387_S-3411	P-3387_S-3411_cNMF_program_malignant_2	G2M.Score	-0.1029082776486569
P-1780_S-1780	P-1780_S-1780_cNMF_program_malignant_1	G2M.Score	-0.18531494335107393
P-1701_S-1701	P-1701_S-1701_cNMF_program_malignant_5	G2M.Score	-0.17263298437136534
P-1713_S-1713	P-1713_S-1713_cNMF_program_malignant_4	G2M.Score	-0.16414349113228774
P-4198_S-4459	P-4198_S-4459_cNMF_program_malignant_8	G2M.Score	-0.05511119309029738
BT2016062	BT2016062_cNMF_program_malignant_1	G2M.Score	-0.3508236045410831
P-1713_S-1713	P-1713_S-1713_cNMF_program_malignant_3	G2M.Score	-0.1567870620238683
P-2077_S-2077	P-2077_S-2077_cNMF_program_malignant_5	G2M.Score	-0.09298770564142454
P-6251_S-8496	P-6251_S-8496_cNMF_program_malignant_1	G2M.Score	0.3526539879317604
P-1779_S-1781	P-1779_S-1781_cNMF_program_malignant_6	G2M.Score	0.2499954869516646
P-3200_S-3867	P-3200_S-3867_cNMF_program_malignant_4	G2M.Score	0.049809293822186324
P-6331_S-8904	P-6331_S-8904_cNMF_program_malignant_1	G2M.Score	0.0762559760288059
P-2077_S-2077	P-2077_S-2077_cNMF_program_malignant_3	G2M.Score	0.08495150538820942
P-1764_S-1766	P-1764_S-1766_cNMF_program_malignant_2	G2M.Score	-0.13392821638681252
P-5613_S-7162	P-5613_S-7162_cNMF_program_malignant_1	G2M.Score	-0.004806105773392072
P-6240_S-8628	P-6240_S-8628_cNMF_program_malignant_5	nCount_RNA	-0.18025800556161634
BT2016062	BT2016062_cNMF_program_malignant_5	nCount_RNA	0.2512667115320413
P-6117_S-8370	P-6117_S-8370_cNMF_program_malignant_7	nCount_RNA	0.16648339775347135
P-1694_S-1694	P-1694_S-1694_cNMF_program_malignant_3	nCount_RNA	-0.23999711081625105
P-1780_S-1780	P-1780_S-1780_cNMF_program_malignant_4	nCount_RNA	0.04306049466230388
P-1190_S-1197	P-1190_S-1197_cNMF_program_malignant_3	nCount_RNA	-0.356714535111953
P-3200_S-3254	P-3200_S-3254_cNMF_program_malignant_1	nCount_RNA	-0.022419771278612156
P-6388_S-8770	P-6388_S-8770_cNMF_program_malignant_1	nCount_RNA	-0.31993906512662473
P-1775_S-1775	P-1775_S-1775_cNMF_program_malignant_2	nCount_RNA	-0.30789289089576216
P-6329_S-8673	P-6329_S-8673_cNMF_program_malignant_2	nCount_RNA	-0.25563338524640816
P-2687_S-2688	P-2687_S-2688_cNMF_program_malignant_8	nCount_RNA	-0.17337911037421969
P-3198_S-3199	P-3198_S-3199_cNMF_program_malignant_3	nCount_RNA	0.024779598676437545
P-6308_S-8632	P-6308_S-8632_cNMF_program_malignant_3	nCount_RNA	0.10610371898394773
P-6292_S-8579	P-6292_S-8579_cNMF_program_malignant_8	nCount_RNA	0.15634266861561802
P-6431_S-8842	P-6431_S-8842_cNMF_program_malignant_2	nCount_RNA	0.0030051579941027485
P-6308_S-8632	P-6308_S-8632_cNMF_program_malignant_2	nCount_RNA	0.4444392164703036
P-6519_S-9084	P-6519_S-9084_cNMF_program_malignant_7	nCount_RNA	0.022509500981215444
P-1764_S-1766	P-1764_S-1766_cNMF_program_malignant_4	nCount_RNA	0.33415820708593696
P-1741_S-2756	P-1741_S-2756_cNMF_program_malignant_4	nCount_RNA	0.15424925098859457
P-6254_S-8499	P-6254_S-8499_cNMF_program_malignant_5	nCount_RNA	0.42849746594505134
P-2687_S-2688	P-2687_S-2688_cNMF_program_malignant_1	nCount_RNA	0.2892197433821451
P-5099_S-6218	P-5099_S-6218_cNMF_program_malignant_2	nCount_RNA	-0.047371287251532904
P-6255_S-8500	P-6255_S-8500_cNMF_program_malignant_1	nCount_RNA	0.3555679169245138
P-1780_S-1780	P-1780_S-1780_cNMF_program_malignant_2	nCount_RNA	0.15921717426497808
P-3407_S-3447	P-3407_S-3447_cNMF_program_malignant_2	nCount_RNA	-0.053988261690461316
P-4198_S-4459	P-4198_S-4459_cNMF_program_malignant_2	nCount_RNA	-0.203208067638876
P-4504_S-4916	P-4504_S-4916_cNMF_program_malignant_4	nCount_RNA	0.046369554202827686
P-6328_S-8672	P-6328_S-8672_cNMF_program_malignant_1	nCount_RNA	-0.13512355899399328
P-1694_S-1694	P-1694_S-1694_cNMF_program_malignant_1	nCount_RNA	0.015871861930438755
P-6774_S-10146	P-6774_S-10146_cNMF_program_malignant_5	nCount_RNA	-0.07803887676076948
P-1775_S-1775	P-1775_S-1775_cNMF_program_malignant_6	nCount_RNA	0.5938025833893787
P-3387_S-3411	P-3387_S-3411_cNMF_program_malignant_6	nCount_RNA	0.13322519223381327
P-6251_S-8496	P-6251_S-8496_cNMF_program_malignant_4	nCount_RNA	-0.026024448897647035
P-1701_S-1701	P-1701_S-1701_cNMF_program_malignant_7	nCount_RNA	0.10361845065801684
P-1779_S-1781	P-1779_S-1781_cNMF_program_malignant_4	nCount_RNA	0.37748550407246534
P-1713_S-1713	P-1713_S-1713_cNMF_program_malignant_5	nCount_RNA	-0.0032175787497710907
P-6431_S-8842	P-6431_S-8842_cNMF_program_malignant_6	nCount_RNA	-0.06513764235334013
P-6640_S-9581	P-6640_S-9581_cNMF_program_malignant_2	nCount_RNA	-0.28411627708147874
P-1969_S-3584	P-1969_S-3584_cNMF_program_malignant_1	nCount_RNA	0.07390476769631553
P-6255_S-8500	P-6255_S-8500_cNMF_program_malignant_5	nCount_RNA	-0.26724425844430094
P-6240_S-8628	P-6240_S-8628_cNMF_program_malignant_1	nCount_RNA	0.018175120457294233
P-6166_S-8321	P-6166_S-8321_cNMF_program_malignant_3	nCount_RNA	-0.019787204912677926
BT2018022	BT2018022_cNMF_program_malignant_4	nCount_RNA	0.034950022812335516
P-6337_S-8821	P-6337_S-8821_cNMF_program_malignant_4	nCount_RNA	0.202223908226717
P-6640_S-9581	P-6640_S-9581_cNMF_program_malignant_3	nCount_RNA	0.2567574407505758
P-3198_S-3199	P-3198_S-3199_cNMF_program_malignant_5	nCount_RNA	0.042024027684810145
P-1190_S-1197	P-1190_S-1197_cNMF_program_malignant_1	nCount_RNA	0.12200510050932582
P-6388_S-8770	P-6388_S-8770_cNMF_program_malignant_5	nCount_RNA	0.16362429440120402
P-6774_S-10146	P-6774_S-10146_cNMF_program_malignant_1	nCount_RNA	-0.1615040253702272
P-4504_S-4916	P-4504_S-4916_cNMF_program_malignant_6	nCount_RNA	-0.05121042740468908
P-1779_S-1781	P-1779_S-1781_cNMF_program_malignant_2	nCount_RNA	-0.0187853598489653
P-1780_S-1780	P-1780_S-1780_cNMF_program_malignant_8	nCount_RNA	-0.2610612753516945
P-4198_S-4459	P-4198_S-4459_cNMF_program_malignant_3	nCount_RNA	-0.03994584554492089
P-6328_S-8672	P-6328_S-8672_cNMF_program_malignant_7	nCount_RNA	-0.13313932832462508
P-1741_S-2756	P-1741_S-2756_cNMF_program_malignant_5	nCount_RNA	-0.19657729663354753
P-3407_S-3447	P-3407_S-3447_cNMF_program_malignant_5	nCount_RNA	-0.15206295316774454
P-3200_S-3254	P-3200_S-3254_cNMF_program_malignant_2	nCount_RNA	-0.13783804095017277
P-6308_S-8632	P-6308_S-8632_cNMF_program_malignant_6	nCount_RNA	-0.1226753928533867
P-2687_S-2688	P-2687_S-2688_cNMF_program_malignant_7	nCount_RNA	-0.09299392568883373
P-6254_S-8499	P-6254_S-8499_cNMF_program_malignant_7	nCount_RNA	-0.009386747558857156
P-6255_S-8500	P-6255_S-8500_cNMF_program_malignant_4	nCount_RNA	-0.02970254855628528
P-1775_S-1775	P-1775_S-1775_cNMF_program_malignant_1	nCount_RNA	0.2881281082759673
P-1764_S-1766	P-1764_S-1766_cNMF_program_malignant_7	nCount_RNA	0.5794734350461317
P-5099_S-6218	P-5099_S-6218_cNMF_program_malignant_7	nCount_RNA	0.12014825007780616
P-1713_S-1713	P-1713_S-1713_cNMF_program_malignant_1	nCount_RNA	0.1508063789286241
P-6774_S-10146	P-6774_S-10146_cNMF_program_malignant_6	nCount_RNA	0.21972285866288221
P-6328_S-8672	P-6328_S-8672_cNMF_program_malignant_8	nCount_RNA	0.2342909536866354
P-3407_S-3447	P-3407_S-3447_cNMF_program_malignant_6	nCount_RNA	0.18983651825081177
P-1780_S-1780	P-1780_S-1780_cNMF_program_malignant_7	nCount_RNA	0.040048716421778346
P-6117_S-8370	P-6117_S-8370_cNMF_program_malignant_8	nCount_RNA	-0.06407654798076554
P-6519_S-9084	P-6519_S-9084_cNMF_program_malignant_2	nCount_RNA	0.1430763919872719
P-6640_S-9581	P-6640_S-9581_cNMF_program_malignant_5	nCount_RNA	0.13682803468706944
P-1713_S-1713	P-1713_S-1713_cNMF_program_malignant_2	nCount_RNA	-0.15116350660720823
P-6337_S-8821	P-6337_S-8821_cNMF_program_malignant_1	nCount_RNA	-0.18293296723744817
P-6519_S-9084	P-6519_S-9084_cNMF_program_malignant_6	nCount_RNA	-0.167742179096778
P-1775_S-1775	P-1775_S-1775_cNMF_program_malignant_4	nCount_RNA	0.16513418830634227
P-1701_S-1701	P-1701_S-1701_cNMF_program_malignant_6	nCount_RNA	-0.27163849693242603
P-4198_S-4459	P-4198_S-4459_cNMF_program_malignant_5	nCount_RNA	0.15772297720222242
P-2077_S-2077	P-2077_S-2077_cNMF_program_malignant_7	nCount_RNA	-0.07421858671041044
P-6251_S-8496	P-6251_S-8496_cNMF_program_malignant_5	nCount_RNA	-0.0010351867159160211
P-3407_S-3447	P-3407_S-3447_cNMF_program_malignant_3	nCount_RNA	-0.009841749617411731
P-1780_S-1780	P-1780_S-1780_cNMF_program_malignant_6	nCount_RNA	-0.060256482637820755
P-2077_S-2077	P-2077_S-2077_cNMF_program_malignant_1	nCount_RNA	0.15112834829272048
P-1701_S-1701	P-1701_S-1701_cNMF_program_malignant_1	nCount_RNA	1.4522572783732415e-4
P-1741_S-2756	P-1741_S-2756_cNMF_program_malignant_1	nCount_RNA	-0.022187047086739953
P-3198_S-3199	P-3198_S-3199_cNMF_program_malignant_4	nCount_RNA	-0.12818331700375066
P-1969_S-3584	P-1969_S-3584_cNMF_program_malignant_6	nCount_RNA	0.16758499632032248
P-6331_S-8904	P-6331_S-8904_cNMF_program_malignant_5	nCount_RNA	0.23115579291032184
P-4198_S-4459	P-4198_S-4459_cNMF_program_malignant_7	nCount_RNA	0.10649230270097963
P-3387_S-3411	P-3387_S-3411_cNMF_program_malignant_7	nCount_RNA	-0.07086289329464178
P-1694_S-1694	P-1694_S-1694_cNMF_program_malignant_6	nCount_RNA	0.034639896015759016
P-1190_S-1197	P-1190_S-1197_cNMF_program_malignant_4	nCount_RNA	0.3369180259727347
P-3198_S-3199	P-3198_S-3199_cNMF_program_malignant_1	nCount_RNA	0.06242681479557053
P-6388_S-8770	P-6388_S-8770_cNMF_program_malignant_4	nCount_RNA	0.17995873775533539
P-6308_S-8632	P-6308_S-8632_cNMF_program_malignant_5	nCount_RNA	-0.296937282224613
P-6331_S-8904	P-6331_S-8904_cNMF_program_malignant_7	nCount_RNA	0.10898167120828293
P-6240_S-8628	P-6240_S-8628_cNMF_program_malignant_4	nCount_RNA	0.18703426424105257
P-6308_S-8632	P-6308_S-8632_cNMF_program_malignant_1	nCount_RNA	-0.10936110065222934
P-3200_S-3254	P-3200_S-3254_cNMF_program_malignant_4	nCount_RNA	0.07117033675398694
P-6329_S-8673	P-6329_S-8673_cNMF_program_malignant_4	nCount_RNA	0.2751581990223765
P-5613_S-7162	P-5613_S-7162_cNMF_program_malignant_3	nCount_RNA	-0.283526224342494
P-6166_S-8321	P-6166_S-8321_cNMF_program_malignant_4	nCount_RNA	-0.4900962427591909
P-6117_S-8370	P-6117_S-8370_cNMF_program_malignant_4	nCount_RNA	-0.1883448094447804
P-6337_S-8821	P-6337_S-8821_cNMF_program_malignant_5	nCount_RNA	-0.1026803642386688
P-6292_S-8579	P-6292_S-8579_cNMF_program_malignant_2	nCount_RNA	-0.10116176417885156
BT2018022	BT2018022_cNMF_program_malignant_1	nCount_RNA	-0.04518551766700371
P-6431_S-8842	P-6431_S-8842_cNMF_program_malignant_7	nCount_RNA	-0.06260761855064484
P-6251_S-8496	P-6251_S-8496_cNMF_program_malignant_2	nCount_RNA	0.1477918156005676
P-1969_S-3584	P-1969_S-3584_cNMF_program_malignant_4	nCount_RNA	-0.15231704073102023
P-3387_S-3411	P-3387_S-3411_cNMF_program_malignant_2	nCount_RNA	0.0033606329668421494
P-1780_S-1780	P-1780_S-1780_cNMF_program_malignant_1	nCount_RNA	-0.03552689464295704
P-1701_S-1701	P-1701_S-1701_cNMF_program_malignant_5	nCount_RNA	0.08955597123933531
P-1713_S-1713	P-1713_S-1713_cNMF_program_malignant_4	nCount_RNA	-0.07607437873599476
P-4198_S-4459	P-4198_S-4459_cNMF_program_malignant_8	nCount_RNA	0.016301890198164932
BT2016062	BT2016062_cNMF_program_malignant_1	nCount_RNA	-0.35051465835574397
P-1713_S-1713	P-1713_S-1713_cNMF_program_malignant_3	nCount_RNA	0.011373448519397889
P-2077_S-2077	P-2077_S-2077_cNMF_program_malignant_5	nCount_RNA	0.05088210521168263
P-6251_S-8496	P-6251_S-8496_cNMF_program_malignant_1	nCount_RNA	-0.03529335354731222
P-1779_S-1781	P-1779_S-1781_cNMF_program_malignant_6	nCount_RNA	-0.4007382675224927
P-3200_S-3867	P-3200_S-3867_cNMF_program_malignant_4	nCount_RNA	0.611006552245413
P-6331_S-8904	P-6331_S-8904_cNMF_program_malignant_1	nCount_RNA	-0.2649673541610128
P-2077_S-2077	P-2077_S-2077_cNMF_program_malignant_3	nCount_RNA	-0.3194398912632441
P-1764_S-1766	P-1764_S-1766_cNMF_program_malignant_2	nCount_RNA	0.19318097024345457
P-5613_S-7162	P-5613_S-7162_cNMF_program_malignant_1	nCount_RNA	0.08667934075556794
P-6240_S-8628	P-6240_S-8628_cNMF_program_malignant_5	nFeature_RNA	-0.23226126159363603
BT2016062	BT2016062_cNMF_program_malignant_5	nFeature_RNA	0.09771235200100928
P-6117_S-8370	P-6117_S-8370_cNMF_program_malignant_7	nFeature_RNA	0.018777457274943236
P-1694_S-1694	P-1694_S-1694_cNMF_program_malignant_3	nFeature_RNA	-0.18597187657107964
P-1780_S-1780	P-1780_S-1780_cNMF_program_malignant_4	nFeature_RNA	0.0593283643860192
P-1190_S-1197	P-1190_S-1197_cNMF_program_malignant_3	nFeature_RNA	-0.3548649195563141
P-3200_S-3254	P-3200_S-3254_cNMF_program_malignant_1	nFeature_RNA	0.06729353096478359
P-6388_S-8770	P-6388_S-8770_cNMF_program_malignant_1	nFeature_RNA	-0.3378665821124603
P-1775_S-1775	P-1775_S-1775_cNMF_program_malignant_2	nFeature_RNA	-0.35172367037764063
P-6329_S-8673	P-6329_S-8673_cNMF_program_malignant_2	nFeature_RNA	-0.3048468846736956
P-2687_S-2688	P-2687_S-2688_cNMF_program_malignant_8	nFeature_RNA	-0.17391954553569589
P-3198_S-3199	P-3198_S-3199_cNMF_program_malignant_3	nFeature_RNA	0.014143632469240245
P-6308_S-8632	P-6308_S-8632_cNMF_program_malignant_3	nFeature_RNA	-0.07309694816144949
P-6292_S-8579	P-6292_S-8579_cNMF_program_malignant_8	nFeature_RNA	0.33167258790101906
P-6431_S-8842	P-6431_S-8842_cNMF_program_malignant_2	nFeature_RNA	-0.055628437878760595
P-6308_S-8632	P-6308_S-8632_cNMF_program_malignant_2	nFeature_RNA	-0.1472082311259614
P-6519_S-9084	P-6519_S-9084_cNMF_program_malignant_7	nFeature_RNA	0.05243112237747175
P-1764_S-1766	P-1764_S-1766_cNMF_program_malignant_4	nFeature_RNA	0.33868098788095885
P-1741_S-2756	P-1741_S-2756_cNMF_program_malignant_4	nFeature_RNA	0.13801273336392753
P-6254_S-8499	P-6254_S-8499_cNMF_program_malignant_5	nFeature_RNA	0.38982436385940994
P-2687_S-2688	P-2687_S-2688_cNMF_program_malignant_1	nFeature_RNA	0.36363805307582103
P-5099_S-6218	P-5099_S-6218_cNMF_program_malignant_2	nFeature_RNA	0.07404486861916604
P-6255_S-8500	P-6255_S-8500_cNMF_program_malignant_1	nFeature_RNA	0.3850036307483885
P-1780_S-1780	P-1780_S-1780_cNMF_program_malignant_2	nFeature_RNA	0.16529296210372016
P-3407_S-3447	P-3407_S-3447_cNMF_program_malignant_2	nFeature_RNA	-0.0255514275633544
P-4198_S-4459	P-4198_S-4459_cNMF_program_malignant_2	nFeature_RNA	-0.17096975726497227
P-4504_S-4916	P-4504_S-4916_cNMF_program_malignant_4	nFeature_RNA	0.019627748400009196
P-6328_S-8672	P-6328_S-8672_cNMF_program_malignant_1	nFeature_RNA	-0.09981525240268933
P-1694_S-1694	P-1694_S-1694_cNMF_program_malignant_1	nFeature_RNA	-0.07379793374104478
P-6774_S-10146	P-6774_S-10146_cNMF_program_malignant_5	nFeature_RNA	-0.04836260579054872
P-1775_S-1775	P-1775_S-1775_cNMF_program_malignant_6	nFeature_RNA	0.6080326188176959
P-3387_S-3411	P-3387_S-3411_cNMF_program_malignant_6	nFeature_RNA	0.17384038452512518
P-6251_S-8496	P-6251_S-8496_cNMF_program_malignant_4	nFeature_RNA	-0.03318510007148578
P-1701_S-1701	P-1701_S-1701_cNMF_program_malignant_7	nFeature_RNA	0.14589154861608672
P-1779_S-1781	P-1779_S-1781_cNMF_program_malignant_4	nFeature_RNA	0.3425635982219053
P-1713_S-1713	P-1713_S-1713_cNMF_program_malignant_5	nFeature_RNA	-0.002338200803439718
P-6431_S-8842	P-6431_S-8842_cNMF_program_malignant_6	nFeature_RNA	-0.042858110431453204
P-6640_S-9581	P-6640_S-9581_cNMF_program_malignant_2	nFeature_RNA	-0.17939712535382585
P-1969_S-3584	P-1969_S-3584_cNMF_program_malignant_1	nFeature_RNA	0.09728407045026954
P-6255_S-8500	P-6255_S-8500_cNMF_program_malignant_5	nFeature_RNA	-0.3119662461723829
P-6240_S-8628	P-6240_S-8628_cNMF_program_malignant_1	nFeature_RNA	0.012760679935173191
P-6166_S-8321	P-6166_S-8321_cNMF_program_malignant_3	nFeature_RNA	0.020193016068147905
BT2018022	BT2018022_cNMF_program_malignant_4	nFeature_RNA	0.056626754944657715
P-6337_S-8821	P-6337_S-8821_cNMF_program_malignant_4	nFeature_RNA	0.1894537186216391
P-6640_S-9581	P-6640_S-9581_cNMF_program_malignant_3	nFeature_RNA	0.2208296142875086
P-3198_S-3199	P-3198_S-3199_cNMF_program_malignant_5	nFeature_RNA	0.023509525171289007
P-1190_S-1197	P-1190_S-1197_cNMF_program_malignant_1	nFeature_RNA	0.15866080355123618
P-6388_S-8770	P-6388_S-8770_cNMF_program_malignant_5	nFeature_RNA	0.15694207726617468
P-6774_S-10146	P-6774_S-10146_cNMF_program_malignant_1	nFeature_RNA	-0.14772597896502965
P-4504_S-4916	P-4504_S-4916_cNMF_program_malignant_6	nFeature_RNA	-0.04374649568195431
P-1779_S-1781	P-1779_S-1781_cNMF_program_malignant_2	nFeature_RNA	0.013325225634211117
P-1780_S-1780	P-1780_S-1780_cNMF_program_malignant_8	nFeature_RNA	-0.2825332959342879
P-4198_S-4459	P-4198_S-4459_cNMF_program_malignant_3	nFeature_RNA	0.0014281307795228834
P-6328_S-8672	P-6328_S-8672_cNMF_program_malignant_7	nFeature_RNA	-0.0912324048796035
P-1741_S-2756	P-1741_S-2756_cNMF_program_malignant_5	nFeature_RNA	-0.19004033062400227
P-3407_S-3447	P-3407_S-3447_cNMF_program_malignant_5	nFeature_RNA	-0.1377723634946484
P-3200_S-3254	P-3200_S-3254_cNMF_program_malignant_2	nFeature_RNA	-0.22554812768576274
P-6308_S-8632	P-6308_S-8632_cNMF_program_malignant_6	nFeature_RNA	0.13994799102562558
P-2687_S-2688	P-2687_S-2688_cNMF_program_malignant_7	nFeature_RNA	-0.1320952339198727
P-6254_S-8499	P-6254_S-8499_cNMF_program_malignant_7	nFeature_RNA	-0.026401902999568825
P-6255_S-8500	P-6255_S-8500_cNMF_program_malignant_4	nFeature_RNA	-0.004282204518869597
P-1775_S-1775	P-1775_S-1775_cNMF_program_malignant_1	nFeature_RNA	0.31089892899890886
P-1764_S-1766	P-1764_S-1766_cNMF_program_malignant_7	nFeature_RNA	0.5904455671615304
P-5099_S-6218	P-5099_S-6218_cNMF_program_malignant_7	nFeature_RNA	0.01608241836329584
P-1713_S-1713	P-1713_S-1713_cNMF_program_malignant_1	nFeature_RNA	0.20035615456921843
P-6774_S-10146	P-6774_S-10146_cNMF_program_malignant_6	nFeature_RNA	0.18085886359531958
P-6328_S-8672	P-6328_S-8672_cNMF_program_malignant_8	nFeature_RNA	0.1754181963893653
P-3407_S-3447	P-3407_S-3447_cNMF_program_malignant_6	nFeature_RNA	0.1292690632027778
P-1780_S-1780	P-1780_S-1780_cNMF_program_malignant_7	nFeature_RNA	0.036658605172549166
P-6117_S-8370	P-6117_S-8370_cNMF_program_malignant_8	nFeature_RNA	0.0033642402913336817
P-6519_S-9084	P-6519_S-9084_cNMF_program_malignant_2	nFeature_RNA	0.13303607199122758
P-6640_S-9581	P-6640_S-9581_cNMF_program_malignant_5	nFeature_RNA	0.0602457435844464
P-1713_S-1713	P-1713_S-1713_cNMF_program_malignant_2	nFeature_RNA	-0.1669070896450992
P-6337_S-8821	P-6337_S-8821_cNMF_program_malignant_1	nFeature_RNA	-0.2326526417016651
P-6519_S-9084	P-6519_S-9084_cNMF_program_malignant_6	nFeature_RNA	-0.19604466194854608
P-1775_S-1775	P-1775_S-1775_cNMF_program_malignant_4	nFeature_RNA	0.15118440549842238
P-1701_S-1701	P-1701_S-1701_cNMF_program_malignant_6	nFeature_RNA	-0.31318553027572243
P-4198_S-4459	P-4198_S-4459_cNMF_program_malignant_5	nFeature_RNA	0.09114742697937009
P-2077_S-2077	P-2077_S-2077_cNMF_program_malignant_7	nFeature_RNA	-0.10658493808793278
P-6251_S-8496	P-6251_S-8496_cNMF_program_malignant_5	nFeature_RNA	-0.08413206955052772
P-3407_S-3447	P-3407_S-3447_cNMF_program_malignant_3	nFeature_RNA	-0.0428624463562487
P-1780_S-1780	P-1780_S-1780_cNMF_program_malignant_6	nFeature_RNA	-0.04453115675626432
P-2077_S-2077	P-2077_S-2077_cNMF_program_malignant_1	nFeature_RNA	0.11428782777058967
P-1701_S-1701	P-1701_S-1701_cNMF_program_malignant_1	nFeature_RNA	-8.078797305363398e-5
P-1741_S-2756	P-1741_S-2756_cNMF_program_malignant_1	nFeature_RNA	-0.004996151490304555
P-3198_S-3199	P-3198_S-3199_cNMF_program_malignant_4	nFeature_RNA	-0.14645607604228014
P-1969_S-3584	P-1969_S-3584_cNMF_program_malignant_6	nFeature_RNA	0.14225887201353654
P-6331_S-8904	P-6331_S-8904_cNMF_program_malignant_5	nFeature_RNA	0.20528872057894765
P-4198_S-4459	P-4198_S-4459_cNMF_program_malignant_7	nFeature_RNA	0.07791294239554844
P-3387_S-3411	P-3387_S-3411_cNMF_program_malignant_7	nFeature_RNA	-0.09096928818523149
P-1694_S-1694	P-1694_S-1694_cNMF_program_malignant_6	nFeature_RNA	0.04463533737844129
P-1190_S-1197	P-1190_S-1197_cNMF_program_malignant_4	nFeature_RNA	0.2959231396660636
P-3198_S-3199	P-3198_S-3199_cNMF_program_malignant_1	nFeature_RNA	0.10654743927539628
P-6388_S-8770	P-6388_S-8770_cNMF_program_malignant_4	nFeature_RNA	0.2116625142989908
P-6308_S-8632	P-6308_S-8632_cNMF_program_malignant_5	nFeature_RNA	-0.14401403688524214
P-6331_S-8904	P-6331_S-8904_cNMF_program_malignant_7	nFeature_RNA	0.14124385715045154
P-6240_S-8628	P-6240_S-8628_cNMF_program_malignant_4	nFeature_RNA	0.2518209273270013
P-6308_S-8632	P-6308_S-8632_cNMF_program_malignant_1	nFeature_RNA	0.23219935898327995
P-3200_S-3254	P-3200_S-3254_cNMF_program_malignant_4	nFeature_RNA	0.09023201788869462
P-6329_S-8673	P-6329_S-8673_cNMF_program_malignant_4	nFeature_RNA	0.32554701884431486
P-5613_S-7162	P-5613_S-7162_cNMF_program_malignant_3	nFeature_RNA	-0.31177748029538743
P-6166_S-8321	P-6166_S-8321_cNMF_program_malignant_4	nFeature_RNA	-0.2764961231167037
P-6117_S-8370	P-6117_S-8370_cNMF_program_malignant_4	nFeature_RNA	-0.15213876106000482
P-6337_S-8821	P-6337_S-8821_cNMF_program_malignant_5	nFeature_RNA	-0.12660436227296015
P-6292_S-8579	P-6292_S-8579_cNMF_program_malignant_2	nFeature_RNA	-0.054081462031972345
BT2018022	BT2018022_cNMF_program_malignant_1	nFeature_RNA	-0.07473919116698034
P-6431_S-8842	P-6431_S-8842_cNMF_program_malignant_7	nFeature_RNA	0.003319945714875715
P-6251_S-8496	P-6251_S-8496_cNMF_program_malignant_2	nFeature_RNA	0.22013520891456576
P-1969_S-3584	P-1969_S-3584_cNMF_program_malignant_4	nFeature_RNA	-0.14596046681890945
P-3387_S-3411	P-3387_S-3411_cNMF_program_malignant_2	nFeature_RNA	-0.03131364021653339
P-1780_S-1780	P-1780_S-1780_cNMF_program_malignant_1	nFeature_RNA	-0.061086548591724264
P-1701_S-1701	P-1701_S-1701_cNMF_program_malignant_5	nFeature_RNA	0.06420717074886688
P-1713_S-1713	P-1713_S-1713_cNMF_program_malignant_4	nFeature_RNA	-0.15831780472587725
P-4198_S-4459	P-4198_S-4459_cNMF_program_malignant_8	nFeature_RNA	0.029781252693065627
BT2016062	BT2016062_cNMF_program_malignant_1	nFeature_RNA	-0.1495833810085691
P-1713_S-1713	P-1713_S-1713_cNMF_program_malignant_3	nFeature_RNA	0.04307503942850706
P-2077_S-2077	P-2077_S-2077_cNMF_program_malignant_5	nFeature_RNA	0.0820806839380733
P-6251_S-8496	P-6251_S-8496_cNMF_program_malignant_1	nFeature_RNA	-0.002991730111305647
P-1779_S-1781	P-1779_S-1781_cNMF_program_malignant_6	nFeature_RNA	-0.39577292326731356
P-3200_S-3867	P-3200_S-3867_cNMF_program_malignant_4	nFeature_RNA	0.4526315529648478
P-6331_S-8904	P-6331_S-8904_cNMF_program_malignant_1	nFeature_RNA	-0.25988185177945416
P-2077_S-2077	P-2077_S-2077_cNMF_program_malignant_3	nFeature_RNA	-0.2726431661969202
P-1764_S-1766	P-1764_S-1766_cNMF_program_malignant_2	nFeature_RNA	0.19079210017776868
P-5613_S-7162	P-5613_S-7162_cNMF_program_malignant_1	nFeature_RNA	-0.011986836180076713
P-6240_S-8628	P-6240_S-8628_cNMF_program_malignant_5	percent.mito	-0.1558897766639024
BT2016062	BT2016062_cNMF_program_malignant_5	percent.mito	-0.032530649544370495
P-6117_S-8370	P-6117_S-8370_cNMF_program_malignant_7	percent.mito	0.17948075280223824
P-1694_S-1694	P-1694_S-1694_cNMF_program_malignant_3	percent.mito	0.399733435496561
P-1780_S-1780	P-1780_S-1780_cNMF_program_malignant_4	percent.mito	0.08851226136688492
P-1190_S-1197	P-1190_S-1197_cNMF_program_malignant_3	percent.mito	0.2965160402796931
P-3200_S-3254	P-3200_S-3254_cNMF_program_malignant_1	percent.mito	0.195442417352211
P-6388_S-8770	P-6388_S-8770_cNMF_program_malignant_1	percent.mito	0.5761720230220921
P-1775_S-1775	P-1775_S-1775_cNMF_program_malignant_2	percent.mito	0.537179926982234
P-6329_S-8673	P-6329_S-8673_cNMF_program_malignant_2	percent.mito	-0.00934445369614934
P-2687_S-2688	P-2687_S-2688_cNMF_program_malignant_8	percent.mito	0.047018113097430585
P-3198_S-3199	P-3198_S-3199_cNMF_program_malignant_3	percent.mito	0.1524826420767253
P-6308_S-8632	P-6308_S-8632_cNMF_program_malignant_3	percent.mito	0.15379098904716038
P-6292_S-8579	P-6292_S-8579_cNMF_program_malignant_8	percent.mito	-0.4300221687844733
P-6431_S-8842	P-6431_S-8842_cNMF_program_malignant_2	percent.mito	0.07713749765228485
P-6308_S-8632	P-6308_S-8632_cNMF_program_malignant_2	percent.mito	0.8032293570990267
P-6519_S-9084	P-6519_S-9084_cNMF_program_malignant_7	percent.mito	0.23883253185079714
P-1764_S-1766	P-1764_S-1766_cNMF_program_malignant_4	percent.mito	-0.08357827058836866
P-1741_S-2756	P-1741_S-2756_cNMF_program_malignant_4	percent.mito	0.5152355145550326
P-6254_S-8499	P-6254_S-8499_cNMF_program_malignant_5	percent.mito	-0.1301830920311045
P-2687_S-2688	P-2687_S-2688_cNMF_program_malignant_1	percent.mito	-0.2389553148922143
P-5099_S-6218	P-5099_S-6218_cNMF_program_malignant_2	percent.mito	-0.17772530054630958
P-6255_S-8500	P-6255_S-8500_cNMF_program_malignant_1	percent.mito	-0.30240466588499804
P-1780_S-1780	P-1780_S-1780_cNMF_program_malignant_2	percent.mito	-0.17942454401297864
P-3407_S-3447	P-3407_S-3447_cNMF_program_malignant_2	percent.mito	0.0351129504126063
P-4198_S-4459	P-4198_S-4459_cNMF_program_malignant_2	percent.mito	0.033690691977410495
P-4504_S-4916	P-4504_S-4916_cNMF_program_malignant_4	percent.mito	0.03127171923241014
P-6328_S-8672	P-6328_S-8672_cNMF_program_malignant_1	percent.mito	-0.2104412392303817
P-1694_S-1694	P-1694_S-1694_cNMF_program_malignant_1	percent.mito	-0.23020642783249057
P-6774_S-10146	P-6774_S-10146_cNMF_program_malignant_5	percent.mito	0.23767531129107752
P-1775_S-1775	P-1775_S-1775_cNMF_program_malignant_6	percent.mito	-0.37938145639051635
P-3387_S-3411	P-3387_S-3411_cNMF_program_malignant_6	percent.mito	-0.06279769261222966
P-6251_S-8496	P-6251_S-8496_cNMF_program_malignant_4	percent.mito	-0.1516801384940654
P-1701_S-1701	P-1701_S-1701_cNMF_program_malignant_7	percent.mito	-0.12994013624771114
P-1779_S-1781	P-1779_S-1781_cNMF_program_malignant_4	percent.mito	-0.5688907415258727
P-1713_S-1713	P-1713_S-1713_cNMF_program_malignant_5	percent.mito	-0.4228784242152084
P-6431_S-8842	P-6431_S-8842_cNMF_program_malignant_6	percent.mito	-0.03648589107243113
P-6640_S-9581	P-6640_S-9581_cNMF_program_malignant_2	percent.mito	0.3852739742945949
P-1969_S-3584	P-1969_S-3584_cNMF_program_malignant_1	percent.mito	-0.07507456620036528
P-6255_S-8500	P-6255_S-8500_cNMF_program_malignant_5	percent.mito	0.30045995919787627
P-6240_S-8628	P-6240_S-8628_cNMF_program_malignant_1	percent.mito	0.014239423824896002
P-6166_S-8321	P-6166_S-8321_cNMF_program_malignant_3	percent.mito	-0.1796643196498668
BT2018022	BT2018022_cNMF_program_malignant_4	percent.mito	-0.10122383729984781
P-6337_S-8821	P-6337_S-8821_cNMF_program_malignant_4	percent.mito	-0.11679356423173747
P-6640_S-9581	P-6640_S-9581_cNMF_program_malignant_3	percent.mito	-0.09183109841026384
P-3198_S-3199	P-3198_S-3199_cNMF_program_malignant_5	percent.mito	-0.09000549647491927
P-1190_S-1197	P-1190_S-1197_cNMF_program_malignant_1	percent.mito	0.03597275131522758
P-6388_S-8770	P-6388_S-8770_cNMF_program_malignant_5	percent.mito	-0.2012739688701158
P-6774_S-10146	P-6774_S-10146_cNMF_program_malignant_1	percent.mito	0.23246757046284586
P-4504_S-4916	P-4504_S-4916_cNMF_program_malignant_6	percent.mito	-0.1660495065788405
P-1779_S-1781	P-1779_S-1781_cNMF_program_malignant_2	percent.mito	-0.11658086274939579
P-1780_S-1780	P-1780_S-1780_cNMF_program_malignant_8	percent.mito	-0.019235574163641425
P-4198_S-4459	P-4198_S-4459_cNMF_program_malignant_3	percent.mito	-0.002634240666076277
P-6328_S-8672	P-6328_S-8672_cNMF_program_malignant_7	percent.mito	0.21417848134563439
P-1741_S-2756	P-1741_S-2756_cNMF_program_malignant_5	percent.mito	-0.3438603296840109
P-3407_S-3447	P-3407_S-3447_cNMF_program_malignant_5	percent.mito	-0.10616549069951169
P-3200_S-3254	P-3200_S-3254_cNMF_program_malignant_2	percent.mito	0.0026227570184006173
P-6308_S-8632	P-6308_S-8632_cNMF_program_malignant_6	percent.mito	-0.3296317494112153
P-2687_S-2688	P-2687_S-2688_cNMF_program_malignant_7	percent.mito	0.08500910803515685
P-6254_S-8499	P-6254_S-8499_cNMF_program_malignant_7	percent.mito	0.22721393367810053
P-6255_S-8500	P-6255_S-8500_cNMF_program_malignant_4	percent.mito	-0.05696478233930368
P-1775_S-1775	P-1775_S-1775_cNMF_program_malignant_1	percent.mito	-0.23227381240067516
P-1764_S-1766	P-1764_S-1766_cNMF_program_malignant_7	percent.mito	-0.15856367942061603
P-5099_S-6218	P-5099_S-6218_cNMF_program_malignant_7	percent.mito	0.013198246187096288
P-1713_S-1713	P-1713_S-1713_cNMF_program_malignant_1	percent.mito	0.04483470986520176
P-6774_S-10146	P-6774_S-10146_cNMF_program_malignant_6	percent.mito	-0.41151176132243994
P-6328_S-8672	P-6328_S-8672_cNMF_program_malignant_8	percent.mito	-0.06684044184158715
P-3407_S-3447	P-3407_S-3447_cNMF_program_malignant_6	percent.mito	0.15899447275450937
P-1780_S-1780	P-1780_S-1780_cNMF_program_malignant_7	percent.mito	0.030256898280493053
P-6117_S-8370	P-6117_S-8370_cNMF_program_malignant_8	percent.mito	0.1882495564741713
P-6519_S-9084	P-6519_S-9084_cNMF_program_malignant_2	percent.mito	0.10695902811853668
P-6640_S-9581	P-6640_S-9581_cNMF_program_malignant_5	percent.mito	-0.3333915388100718
P-1713_S-1713	P-1713_S-1713_cNMF_program_malignant_2	percent.mito	0.06804140448701392
P-6337_S-8821	P-6337_S-8821_cNMF_program_malignant_1	percent.mito	-0.2263864707987843
P-6519_S-9084	P-6519_S-9084_cNMF_program_malignant_6	percent.mito	-0.45050600714727396
P-1775_S-1775	P-1775_S-1775_cNMF_program_malignant_4	percent.mito	-0.2280448287376444
P-1701_S-1701	P-1701_S-1701_cNMF_program_malignant_6	percent.mito	0.03382748306150938
P-4198_S-4459	P-4198_S-4459_cNMF_program_malignant_5	percent.mito	-0.07240379644897076
P-2077_S-2077	P-2077_S-2077_cNMF_program_malignant_7	percent.mito	-0.2007109318021341
P-6251_S-8496	P-6251_S-8496_cNMF_program_malignant_5	percent.mito	-0.08654016117054081
P-3407_S-3447	P-3407_S-3447_cNMF_program_malignant_3	percent.mito	-0.0701998714394766
P-1780_S-1780	P-1780_S-1780_cNMF_program_malignant_6	percent.mito	0.16094619200268903
P-2077_S-2077	P-2077_S-2077_cNMF_program_malignant_1	percent.mito	-0.17113878190604417
P-1701_S-1701	P-1701_S-1701_cNMF_program_malignant_1	percent.mito	0.07697561767342702
P-1741_S-2756	P-1741_S-2756_cNMF_program_malignant_1	percent.mito	-0.4100984798923737
P-3198_S-3199	P-3198_S-3199_cNMF_program_malignant_4	percent.mito	0.06705836429189
P-1969_S-3584	P-1969_S-3584_cNMF_program_malignant_6	percent.mito	-0.02700931979495716
P-6331_S-8904	P-6331_S-8904_cNMF_program_malignant_5	percent.mito	-0.28015022399806755
P-4198_S-4459	P-4198_S-4459_cNMF_program_malignant_7	percent.mito	-0.02264336576440704
P-3387_S-3411	P-3387_S-3411_cNMF_program_malignant_7	percent.mito	0.04918577183127127
P-1694_S-1694	P-1694_S-1694_cNMF_program_malignant_6	percent.mito	-0.1294253444123401
P-1190_S-1197	P-1190_S-1197_cNMF_program_malignant_4	percent.mito	-0.3888437457362438
P-3198_S-3199	P-3198_S-3199_cNMF_program_malignant_1	percent.mito	-0.07422617784537656
P-6388_S-8770	P-6388_S-8770_cNMF_program_malignant_4	percent.mito	-0.35782466264640367
P-6308_S-8632	P-6308_S-8632_cNMF_program_malignant_5	percent.mito	-0.3271943910982044
P-6331_S-8904	P-6331_S-8904_cNMF_program_malignant_7	percent.mito	-0.3518960616920479
P-6240_S-8628	P-6240_S-8628_cNMF_program_malignant_4	percent.mito	0.23484449290630405
P-6308_S-8632	P-6308_S-8632_cNMF_program_malignant_1	percent.mito	-0.3274911932078213
P-3200_S-3254	P-3200_S-3254_cNMF_program_malignant_4	percent.mito	-0.16559499641043465
P-6329_S-8673	P-6329_S-8673_cNMF_program_malignant_4	percent.mito	0.012873171111829711
P-5613_S-7162	P-5613_S-7162_cNMF_program_malignant_3	percent.mito	-0.40685708094608364
P-6166_S-8321	P-6166_S-8321_cNMF_program_malignant_4	percent.mito	-0.08094561158204984
P-6117_S-8370	P-6117_S-8370_cNMF_program_malignant_4	percent.mito	-0.013493482227190073
P-6337_S-8821	P-6337_S-8821_cNMF_program_malignant_5	percent.mito	0.027550459659869565
P-6292_S-8579	P-6292_S-8579_cNMF_program_malignant_2	percent.mito	0.5100653128112096
BT2018022	BT2018022_cNMF_program_malignant_1	percent.mito	0.1269062730122494
P-6431_S-8842	P-6431_S-8842_cNMF_program_malignant_7	percent.mito	0.09433590054177378
P-6251_S-8496	P-6251_S-8496_cNMF_program_malignant_2	percent.mito	-0.20520743888707474
P-1969_S-3584	P-1969_S-3584_cNMF_program_malignant_4	percent.mito	0.04457002272403906
P-3387_S-3411	P-3387_S-3411_cNMF_program_malignant_2	percent.mito	-0.04725356702035981
P-1780_S-1780	P-1780_S-1780_cNMF_program_malignant_1	percent.mito	0.04734791042929896
P-1701_S-1701	P-1701_S-1701_cNMF_program_malignant_5	percent.mito	-0.10422554578687512
P-1713_S-1713	P-1713_S-1713_cNMF_program_malignant_4	percent.mito	-0.07243788222410058
P-4198_S-4459	P-4198_S-4459_cNMF_program_malignant_8	percent.mito	0.055818311027799515
BT2016062	BT2016062_cNMF_program_malignant_1	percent.mito	0.13091230827123618
P-1713_S-1713	P-1713_S-1713_cNMF_program_malignant_3	percent.mito	0.39670980153169166
P-2077_S-2077	P-2077_S-2077_cNMF_program_malignant_5	percent.mito	0.04898856000803002
P-6251_S-8496	P-6251_S-8496_cNMF_program_malignant_1	percent.mito	0.31320371554102794
P-1779_S-1781	P-1779_S-1781_cNMF_program_malignant_6	percent.mito	0.8038237692970034
P-3200_S-3867	P-3200_S-3867_cNMF_program_malignant_4	percent.mito	0.8185379572172824
P-6331_S-8904	P-6331_S-8904_cNMF_program_malignant_1	percent.mito	0.8558965131187625
P-2077_S-2077	P-2077_S-2077_cNMF_program_malignant_3	percent.mito	0.7190356340035332
P-1764_S-1766	P-1764_S-1766_cNMF_program_malignant_2	percent.mito	0.7257646164570515
P-5613_S-7162	P-5613_S-7162_cNMF_program_malignant_1	percent.mito	0.5582930121021773
P-6240_S-8628	P-6240_S-8628_cNMF_program_malignant_5	percent.ribo	0.7177790810284312
BT2016062	BT2016062_cNMF_program_malignant_5	percent.ribo	0.7969575450989804
P-6117_S-8370	P-6117_S-8370_cNMF_program_malignant_7	percent.ribo	0.8897235178200635
P-1694_S-1694	P-1694_S-1694_cNMF_program_malignant_3	percent.ribo	0.9351388577692685
P-1780_S-1780	P-1780_S-1780_cNMF_program_malignant_4	percent.ribo	0.9623391707666997
P-1190_S-1197	P-1190_S-1197_cNMF_program_malignant_3	percent.ribo	0.748952420231315
P-3200_S-3254	P-3200_S-3254_cNMF_program_malignant_1	percent.ribo	0.8151874766537935
P-6388_S-8770	P-6388_S-8770_cNMF_program_malignant_1	percent.ribo	0.8675829007690946
P-1775_S-1775	P-1775_S-1775_cNMF_program_malignant_2	percent.ribo	0.8334767154554115
P-6329_S-8673	P-6329_S-8673_cNMF_program_malignant_2	percent.ribo	0.8567343514470177
P-2687_S-2688	P-2687_S-2688_cNMF_program_malignant_8	percent.ribo	0.6341829033736541
P-3198_S-3199	P-3198_S-3199_cNMF_program_malignant_3	percent.ribo	0.944131957340373
P-6308_S-8632	P-6308_S-8632_cNMF_program_malignant_3	percent.ribo	0.7444955992443525
P-6292_S-8579	P-6292_S-8579_cNMF_program_malignant_8	percent.ribo	0.14673257497057618
P-6431_S-8842	P-6431_S-8842_cNMF_program_malignant_2	percent.ribo	0.36373520017818045
P-6308_S-8632	P-6308_S-8632_cNMF_program_malignant_2	percent.ribo	0.5842592449036663
P-6519_S-9084	P-6519_S-9084_cNMF_program_malignant_7	percent.ribo	0.2915062905275427
P-1764_S-1766	P-1764_S-1766_cNMF_program_malignant_4	percent.ribo	-0.15151873307164915
P-1741_S-2756	P-1741_S-2756_cNMF_program_malignant_4	percent.ribo	0.2306784835178342
P-6254_S-8499	P-6254_S-8499_cNMF_program_malignant_5	percent.ribo	-0.3270709416815891
P-2687_S-2688	P-2687_S-2688_cNMF_program_malignant_1	percent.ribo	-0.27365353851032675
P-5099_S-6218	P-5099_S-6218_cNMF_program_malignant_2	percent.ribo	-0.16147480625568753
P-6255_S-8500	P-6255_S-8500_cNMF_program_malignant_1	percent.ribo	-0.29299376789166326
P-1780_S-1780	P-1780_S-1780_cNMF_program_malignant_2	percent.ribo	-0.09416795259149663
P-3407_S-3447	P-3407_S-3447_cNMF_program_malignant_2	percent.ribo	-0.11893057709981855
P-4198_S-4459	P-4198_S-4459_cNMF_program_malignant_2	percent.ribo	0.06904506938594902
P-4504_S-4916	P-4504_S-4916_cNMF_program_malignant_4	percent.ribo	0.019749078483128103
P-6328_S-8672	P-6328_S-8672_cNMF_program_malignant_1	percent.ribo	0.11991684574423535
P-1694_S-1694	P-1694_S-1694_cNMF_program_malignant_1	percent.ribo	-0.46902767597924155
P-6774_S-10146	P-6774_S-10146_cNMF_program_malignant_5	percent.ribo	0.1579449478580402
P-1775_S-1775	P-1775_S-1775_cNMF_program_malignant_6	percent.ribo	-0.39265604359386996
P-3387_S-3411	P-3387_S-3411_cNMF_program_malignant_6	percent.ribo	-0.029206131860696684
P-6251_S-8496	P-6251_S-8496_cNMF_program_malignant_4	percent.ribo	-0.08320095725989698
P-1701_S-1701	P-1701_S-1701_cNMF_program_malignant_7	percent.ribo	0.0538855671096054
P-1779_S-1781	P-1779_S-1781_cNMF_program_malignant_4	percent.ribo	-0.2625757198978346
P-1713_S-1713	P-1713_S-1713_cNMF_program_malignant_5	percent.ribo	-0.09736417194816382
P-6431_S-8842	P-6431_S-8842_cNMF_program_malignant_6	percent.ribo	-0.17042364326941897
P-6640_S-9581	P-6640_S-9581_cNMF_program_malignant_2	percent.ribo	-0.2981030043396145
P-1969_S-3584	P-1969_S-3584_cNMF_program_malignant_1	percent.ribo	-0.012376988510791727
P-6255_S-8500	P-6255_S-8500_cNMF_program_malignant_5	percent.ribo	0.6121155881340907
P-6240_S-8628	P-6240_S-8628_cNMF_program_malignant_1	percent.ribo	-0.037059727085821885
P-6166_S-8321	P-6166_S-8321_cNMF_program_malignant_3	percent.ribo	-0.30653974067020723
BT2018022	BT2018022_cNMF_program_malignant_4	percent.ribo	-0.33961776600312077
P-6337_S-8821	P-6337_S-8821_cNMF_program_malignant_4	percent.ribo	0.1002644614825269
P-6640_S-9581	P-6640_S-9581_cNMF_program_malignant_3	percent.ribo	0.06357632603909258
P-3198_S-3199	P-3198_S-3199_cNMF_program_malignant_5	percent.ribo	-0.3497565833498945
P-1190_S-1197	P-1190_S-1197_cNMF_program_malignant_1	percent.ribo	-0.5155155513911784
P-6388_S-8770	P-6388_S-8770_cNMF_program_malignant_5	percent.ribo	-0.3482283492456518
P-6774_S-10146	P-6774_S-10146_cNMF_program_malignant_1	percent.ribo	0.12907538601559984
P-4504_S-4916	P-4504_S-4916_cNMF_program_malignant_6	percent.ribo	-0.2545588505630948
P-1779_S-1781	P-1779_S-1781_cNMF_program_malignant_2	percent.ribo	-0.19028554542849427
P-1780_S-1780	P-1780_S-1780_cNMF_program_malignant_8	percent.ribo	-0.1620301711749303
P-4198_S-4459	P-4198_S-4459_cNMF_program_malignant_3	percent.ribo	-0.30752229698294364
P-6328_S-8672	P-6328_S-8672_cNMF_program_malignant_7	percent.ribo	0.017036728135663568
P-1741_S-2756	P-1741_S-2756_cNMF_program_malignant_5	percent.ribo	-0.14913401367146759
P-3407_S-3447	P-3407_S-3447_cNMF_program_malignant_5	percent.ribo	-0.11463542396762567
P-3200_S-3254	P-3200_S-3254_cNMF_program_malignant_2	percent.ribo	-0.19077958950703322
P-6308_S-8632	P-6308_S-8632_cNMF_program_malignant_6	percent.ribo	-0.33199233164854264
P-2687_S-2688	P-2687_S-2688_cNMF_program_malignant_7	percent.ribo	-0.14504652501743362
P-6254_S-8499	P-6254_S-8499_cNMF_program_malignant_7	percent.ribo	-0.16192952767954752
P-6255_S-8500	P-6255_S-8500_cNMF_program_malignant_4	percent.ribo	-0.30103870112268266
P-1775_S-1775	P-1775_S-1775_cNMF_program_malignant_1	percent.ribo	-0.2211996492483204
P-1764_S-1766	P-1764_S-1766_cNMF_program_malignant_7	percent.ribo	-0.37936703133640776
P-5099_S-6218	P-5099_S-6218_cNMF_program_malignant_7	percent.ribo	-0.24625632768912703
P-1713_S-1713	P-1713_S-1713_cNMF_program_malignant_1	percent.ribo	0.2283572775124987
P-6774_S-10146	P-6774_S-10146_cNMF_program_malignant_6	percent.ribo	-0.2404613047942551
P-6328_S-8672	P-6328_S-8672_cNMF_program_malignant_8	percent.ribo	-0.15472155391625697
P-3407_S-3447	P-3407_S-3447_cNMF_program_malignant_6	percent.ribo	-0.034796788777565923
P-1780_S-1780	P-1780_S-1780_cNMF_program_malignant_7	percent.ribo	-0.06820222670854476
P-6117_S-8370	P-6117_S-8370_cNMF_program_malignant_8	percent.ribo	-0.16840231658439006
P-6519_S-9084	P-6519_S-9084_cNMF_program_malignant_2	percent.ribo	-0.2920209877743764
P-6640_S-9581	P-6640_S-9581_cNMF_program_malignant_5	percent.ribo	0.24626865809704188
P-1713_S-1713	P-1713_S-1713_cNMF_program_malignant_2	percent.ribo	0.17068608140013863
P-6337_S-8821	P-6337_S-8821_cNMF_program_malignant_1	percent.ribo	-0.09409088705631125
P-6519_S-9084	P-6519_S-9084_cNMF_program_malignant_6	percent.ribo	-0.06810505004218721
P-1775_S-1775	P-1775_S-1775_cNMF_program_malignant_4	percent.ribo	-0.15702184213242334
P-1701_S-1701	P-1701_S-1701_cNMF_program_malignant_6	percent.ribo	-0.07196851446001422
P-4198_S-4459	P-4198_S-4459_cNMF_program_malignant_5	percent.ribo	-0.015828435710541544
P-2077_S-2077	P-2077_S-2077_cNMF_program_malignant_7	percent.ribo	0.1967381991418589
P-6251_S-8496	P-6251_S-8496_cNMF_program_malignant_5	percent.ribo	-0.18033364775654334
P-3407_S-3447	P-3407_S-3447_cNMF_program_malignant_3	percent.ribo	-0.22629402869200335
P-1780_S-1780	P-1780_S-1780_cNMF_program_malignant_6	percent.ribo	-0.09061843323977498
P-2077_S-2077	P-2077_S-2077_cNMF_program_malignant_1	percent.ribo	-0.08251092314549717
P-1701_S-1701	P-1701_S-1701_cNMF_program_malignant_1	percent.ribo	-0.023046053582189845
P-1741_S-2756	P-1741_S-2756_cNMF_program_malignant_1	percent.ribo	-0.2447063706282764
P-3198_S-3199	P-3198_S-3199_cNMF_program_malignant_4	percent.ribo	-0.11287964671557855
P-1969_S-3584	P-1969_S-3584_cNMF_program_malignant_6	percent.ribo	-0.16298109928866214
P-6331_S-8904	P-6331_S-8904_cNMF_program_malignant_5	percent.ribo	-0.148099408031685
P-4198_S-4459	P-4198_S-4459_cNMF_program_malignant_7	percent.ribo	0.2976989231096651
P-3387_S-3411	P-3387_S-3411_cNMF_program_malignant_7	percent.ribo	-0.009124157038717091
P-1694_S-1694	P-1694_S-1694_cNMF_program_malignant_6	percent.ribo	-0.18179839838587716
P-1190_S-1197	P-1190_S-1197_cNMF_program_malignant_4	percent.ribo	-0.20330978366267546
P-3198_S-3199	P-3198_S-3199_cNMF_program_malignant_1	percent.ribo	-0.17097132098618623
P-6388_S-8770	P-6388_S-8770_cNMF_program_malignant_4	percent.ribo	-0.50522242146693
P-6308_S-8632	P-6308_S-8632_cNMF_program_malignant_5	percent.ribo	-0.288940507620019
P-6331_S-8904	P-6331_S-8904_cNMF_program_malignant_7	percent.ribo	0.04079610228317695
P-6240_S-8628	P-6240_S-8628_cNMF_program_malignant_4	percent.ribo	-0.7818631762676943
P-6308_S-8632	P-6308_S-8632_cNMF_program_malignant_1	percent.ribo	-0.4142377519909966
P-3200_S-3254	P-3200_S-3254_cNMF_program_malignant_4	percent.ribo	-0.5107691362329287
P-6329_S-8673	P-6329_S-8673_cNMF_program_malignant_4	percent.ribo	-0.8476719029322684
P-5613_S-7162	P-5613_S-7162_cNMF_program_malignant_3	percent.ribo	-0.2215773465407738
P-6166_S-8321	P-6166_S-8321_cNMF_program_malignant_4	percent.ribo	-0.28392941556019363
P-6117_S-8370	P-6117_S-8370_cNMF_program_malignant_4	percent.ribo	-0.5779959297834024
P-6337_S-8821	P-6337_S-8821_cNMF_program_malignant_5	percent.ribo	-0.3078872044561959
P-6292_S-8579	P-6292_S-8579_cNMF_program_malignant_2	percent.ribo	-0.7188500078810679
BT2018022	BT2018022_cNMF_program_malignant_1	percent.ribo	0.28376388127170066
P-6431_S-8842	P-6431_S-8842_cNMF_program_malignant_7	percent.ribo	-0.21883034151967976
P-6251_S-8496	P-6251_S-8496_cNMF_program_malignant_2	percent.ribo	-0.36714302432374113
P-1969_S-3584	P-1969_S-3584_cNMF_program_malignant_4	percent.ribo	0.06351955595260175
P-3387_S-3411	P-3387_S-3411_cNMF_program_malignant_2	percent.ribo	-0.1200114840747436
P-1780_S-1780	P-1780_S-1780_cNMF_program_malignant_1	percent.ribo	-0.2168430273409028
P-1701_S-1701	P-1701_S-1701_cNMF_program_malignant_5	percent.ribo	-0.05405980235551096
P-1713_S-1713	P-1713_S-1713_cNMF_program_malignant_4	percent.ribo	-0.333698293567494
P-4198_S-4459	P-4198_S-4459_cNMF_program_malignant_8	percent.ribo	0.04229740600447434
BT2016062	BT2016062_cNMF_program_malignant_1	percent.ribo	-0.6681622566612444
P-1713_S-1713	P-1713_S-1713_cNMF_program_malignant_3	percent.ribo	0.03313003191190436
P-2077_S-2077	P-2077_S-2077_cNMF_program_malignant_5	percent.ribo	-0.1522234176303297
P-6251_S-8496	P-6251_S-8496_cNMF_program_malignant_1	percent.ribo	0.45616871560297345
P-1779_S-1781	P-1779_S-1781_cNMF_program_malignant_6	percent.ribo	0.5128989996889677
P-3200_S-3867	P-3200_S-3867_cNMF_program_malignant_4	percent.ribo	-0.14746884830928877
P-6331_S-8904	P-6331_S-8904_cNMF_program_malignant_1	percent.ribo	0.18648428827992197
P-2077_S-2077	P-2077_S-2077_cNMF_program_malignant_3	percent.ribo	0.0679258393744605
P-1764_S-1766	P-1764_S-1766_cNMF_program_malignant_2	percent.ribo	0.030475849256282987
P-5613_S-7162	P-5613_S-7162_cNMF_program_malignant_1	percent.ribo	0.2490702679624089
