id	Norm_expression	gene_symbol	Group	Hox_cluster
ENST00000392539:HOXD13	0	HOXD13	PFA-EZHIP-PF	HOXD
ENST00000406506:HOXD12	0	HOXD12	PFA-EZHIP-PF	HOXD
ENST00000249504:HOXD11	0	HOXD11	PFA-EZHIP-PF	HOXD
ENST00000249501:HOXD10	0	HOXD10	PFA-EZHIP-PF	HOXD
ENST00000249499:HOXD9	6.000621673378651	HOXD9	PFA-EZHIP-PF	HOXD
ENST00000313173:HOXD8	12.001243346757303	HOXD8	PFA-EZHIP-PF	HOXD
ENST00000468418:HOXD3	0	HOXD3	PFA-EZHIP-PF	HOXD
ENST00000306324:HOXD4	0	HOXD4	PFA-EZHIP-PF	HOXD
ENST00000331462:HOXD1	0	HOXD1	PFA-EZHIP-PF	HOXD
ENST00000343060:HOXA1	60.006216733786516	HOXA1	PFA-EZHIP-PF	HOXA
ENST00000222718:HOXA2	450.04662550339884	HOXA2	PFA-EZHIP-PF	HOXA
ENST00000396352:HOXA3	450.04662550339884	HOXA3	PFA-EZHIP-PF	HOXA
ENST00000360046:HOXA4	399.0413412796803	HOXA4	PFA-EZHIP-PF	HOXA
ENST00000222726:HOXA5	178.5184947830149	HOXA5	PFA-EZHIP-PF	HOXA
ENST00000521478:HOXA6	0	HOXA6	PFA-EZHIP-PF	HOXA
ENST00000242159:HOXA7	0	HOXA7	PFA-EZHIP-PF	HOXA
ENST00000343483:HOXA9	0	HOXA9	PFA-EZHIP-PF	HOXA
ENST00000283921:HOXA10	9.000932510067978	HOXA10	PFA-EZHIP-PF	HOXA
ENST00000006015:HOXA11	0	HOXA11	PFA-EZHIP-PF	HOXA
ENST00000222753:HOXA13	0	HOXA13	PFA-EZHIP-PF	HOXA
ENST00000508190:HOXC9	0	HOXC9	PFA-EZHIP-PF	HOXC
ENST00000243056:HOXC13	0	HOXC13	PFA-EZHIP-PF	HOXC
ENST00000243103:HOXC12	0	HOXC12	PFA-EZHIP-PF	HOXC
ENST00000243082:HOXC11	0	HOXC11	PFA-EZHIP-PF	HOXC
ENST00000303460:HOXC10	0	HOXC10	PFA-EZHIP-PF	HOXC
ENST00000040584:HOXC8	3.0003108366893256	HOXC8	PFA-EZHIP-PF	HOXC
ENST00000394331:HOXC6	3.0003108366893256	HOXC6	PFA-EZHIP-PF	HOXC
ENST00000312492:HOXC5	0	HOXC5	PFA-EZHIP-PF	HOXC
ENST00000609810:HOXC4	240.02486693514606	HOXC4	PFA-EZHIP-PF	HOXC
ENST00000239174:HOXB1	0	HOXB1	PFA-EZHIP-PF	HOXB
ENST00000330070:HOXB2	615.0637215213118	HOXB2	PFA-EZHIP-PF	HOXB
ENST00000470495:HOXB3	1312.63599105158	HOXB3	PFA-EZHIP-PF	HOXB
ENST00000332503:HOXB4	807.0836150694286	HOXB4	PFA-EZHIP-PF	HOXB
ENST00000239151:HOXB5	0	HOXB5	PFA-EZHIP-PF	HOXB
ENST00000484302:HOXB6	12.001243346757303	HOXB6	PFA-EZHIP-PF	HOXB
ENST00000239165:HOXB7	12.001243346757303	HOXB7	PFA-EZHIP-PF	HOXB
ENST00000239144:HOXB8	0	HOXB8	PFA-EZHIP-PF	HOXB
ENST00000311177:HOXB9	6.000621673378651	HOXB9	PFA-EZHIP-PF	HOXB
ENST00000290295:HOXB13	0	HOXB13	PFA-EZHIP-PF	HOXB
ENST00000392539:HOXD13	0	HOXD13	PFA-EZHIP-PF	HOXD
ENST00000406506:HOXD12	0	HOXD12	PFA-EZHIP-PF	HOXD
ENST00000249504:HOXD11	0	HOXD11	PFA-EZHIP-PF	HOXD
ENST00000249501:HOXD10	0	HOXD10	PFA-EZHIP-PF	HOXD
ENST00000249499:HOXD9	0	HOXD9	PFA-EZHIP-PF	HOXD
ENST00000313173:HOXD8	8.32433278380996	HOXD8	PFA-EZHIP-PF	HOXD
ENST00000468418:HOXD3	0	HOXD3	PFA-EZHIP-PF	HOXD
ENST00000306324:HOXD4	0	HOXD4	PFA-EZHIP-PF	HOXD
ENST00000331462:HOXD1	0	HOXD1	PFA-EZHIP-PF	HOXD
ENST00000343060:HOXA1	2.7747775946033197	HOXA1	PFA-EZHIP-PF	HOXA
ENST00000222718:HOXA2	5.5495551892066395	HOXA2	PFA-EZHIP-PF	HOXA
ENST00000396352:HOXA3	2.7747775946033197	HOXA3	PFA-EZHIP-PF	HOXA
ENST00000360046:HOXA4	2.7747775946033197	HOXA4	PFA-EZHIP-PF	HOXA
ENST00000222726:HOXA5	4.16216639190498	HOXA5	PFA-EZHIP-PF	HOXA
ENST00000521478:HOXA6	0	HOXA6	PFA-EZHIP-PF	HOXA
ENST00000242159:HOXA7	4.16216639190498	HOXA7	PFA-EZHIP-PF	HOXA
ENST00000343483:HOXA9	2.7747775946033197	HOXA9	PFA-EZHIP-PF	HOXA
ENST00000283921:HOXA10	5.5495551892066395	HOXA10	PFA-EZHIP-PF	HOXA
ENST00000006015:HOXA11	0	HOXA11	PFA-EZHIP-PF	HOXA
ENST00000222753:HOXA13	0	HOXA13	PFA-EZHIP-PF	HOXA
ENST00000508190:HOXC9	0	HOXC9	PFA-EZHIP-PF	HOXC
ENST00000243056:HOXC13	0	HOXC13	PFA-EZHIP-PF	HOXC
ENST00000243103:HOXC12	0	HOXC12	PFA-EZHIP-PF	HOXC
ENST00000243082:HOXC11	0	HOXC11	PFA-EZHIP-PF	HOXC
ENST00000303460:HOXC10	0	HOXC10	PFA-EZHIP-PF	HOXC
ENST00000040584:HOXC8	0	HOXC8	PFA-EZHIP-PF	HOXC
ENST00000394331:HOXC6	0	HOXC6	PFA-EZHIP-PF	HOXC
ENST00000312492:HOXC5	0	HOXC5	PFA-EZHIP-PF	HOXC
ENST00000609810:HOXC4	16.64866556761992	HOXC4	PFA-EZHIP-PF	HOXC
ENST00000239174:HOXB1	0	HOXB1	PFA-EZHIP-PF	HOXB
ENST00000330070:HOXB2	5.5495551892066395	HOXB2	PFA-EZHIP-PF	HOXB
ENST00000470495:HOXB3	2.7747775946033197	HOXB3	PFA-EZHIP-PF	HOXB
ENST00000332503:HOXB4	8.32433278380996	HOXB4	PFA-EZHIP-PF	HOXB
ENST00000239151:HOXB5	0	HOXB5	PFA-EZHIP-PF	HOXB
ENST00000484302:HOXB6	2.7747775946033197	HOXB6	PFA-EZHIP-PF	HOXB
ENST00000239165:HOXB7	8.32433278380996	HOXB7	PFA-EZHIP-PF	HOXB
ENST00000239144:HOXB8	0	HOXB8	PFA-EZHIP-PF	HOXB
ENST00000311177:HOXB9	0	HOXB9	PFA-EZHIP-PF	HOXB
ENST00000290295:HOXB13	0	HOXB13	PFA-EZHIP-PF	HOXB
ENST00000392539:HOXD13	0	HOXD13	PFA-EZHIP-PF	HOXD
ENST00000406506:HOXD12	0	HOXD12	PFA-EZHIP-PF	HOXD
ENST00000249504:HOXD11	0	HOXD11	PFA-EZHIP-PF	HOXD
ENST00000249501:HOXD10	0	HOXD10	PFA-EZHIP-PF	HOXD
ENST00000249499:HOXD9	3.7370156980382436	HOXD9	PFA-EZHIP-PF	HOXD
ENST00000313173:HOXD8	11.21104709411473	HOXD8	PFA-EZHIP-PF	HOXD
ENST00000468418:HOXD3	3.7370156980382436	HOXD3	PFA-EZHIP-PF	HOXD
ENST00000306324:HOXD4	0	HOXD4	PFA-EZHIP-PF	HOXD
ENST00000331462:HOXD1	0	HOXD1	PFA-EZHIP-PF	HOXD
ENST00000343060:HOXA1	0	HOXA1	PFA-EZHIP-PF	HOXA
ENST00000222718:HOXA2	1.8685078490191218	HOXA2	PFA-EZHIP-PF	HOXA
ENST00000396352:HOXA3	3.7370156980382436	HOXA3	PFA-EZHIP-PF	HOXA
ENST00000360046:HOXA4	0	HOXA4	PFA-EZHIP-PF	HOXA
ENST00000222726:HOXA5	0	HOXA5	PFA-EZHIP-PF	HOXA
ENST00000521478:HOXA6	0	HOXA6	PFA-EZHIP-PF	HOXA
ENST00000242159:HOXA7	0	HOXA7	PFA-EZHIP-PF	HOXA
ENST00000343483:HOXA9	7.474031396076487	HOXA9	PFA-EZHIP-PF	HOXA
ENST00000283921:HOXA10	0	HOXA10	PFA-EZHIP-PF	HOXA
ENST00000006015:HOXA11	0	HOXA11	PFA-EZHIP-PF	HOXA
ENST00000222753:HOXA13	3.7370156980382436	HOXA13	PFA-EZHIP-PF	HOXA
ENST00000508190:HOXC9	0	HOXC9	PFA-EZHIP-PF	HOXC
ENST00000243056:HOXC13	0	HOXC13	PFA-EZHIP-PF	HOXC
ENST00000243103:HOXC12	0	HOXC12	PFA-EZHIP-PF	HOXC
ENST00000243082:HOXC11	0	HOXC11	PFA-EZHIP-PF	HOXC
ENST00000303460:HOXC10	0	HOXC10	PFA-EZHIP-PF	HOXC
ENST00000040584:HOXC8	0	HOXC8	PFA-EZHIP-PF	HOXC
ENST00000394331:HOXC6	0	HOXC6	PFA-EZHIP-PF	HOXC
ENST00000312492:HOXC5	14.948062792152975	HOXC5	PFA-EZHIP-PF	HOXC
ENST00000609810:HOXC4	175.63973780779745	HOXC4	PFA-EZHIP-PF	HOXC
ENST00000239174:HOXB1	0	HOXB1	PFA-EZHIP-PF	HOXB
ENST00000330070:HOXB2	11.21104709411473	HOXB2	PFA-EZHIP-PF	HOXB
ENST00000470495:HOXB3	1.8685078490191218	HOXB3	PFA-EZHIP-PF	HOXB
ENST00000332503:HOXB4	3.7370156980382436	HOXB4	PFA-EZHIP-PF	HOXB
ENST00000239151:HOXB5	3.7370156980382436	HOXB5	PFA-EZHIP-PF	HOXB
ENST00000484302:HOXB6	0	HOXB6	PFA-EZHIP-PF	HOXB
ENST00000239165:HOXB7	0	HOXB7	PFA-EZHIP-PF	HOXB
ENST00000239144:HOXB8	3.7370156980382436	HOXB8	PFA-EZHIP-PF	HOXB
ENST00000311177:HOXB9	0	HOXB9	PFA-EZHIP-PF	HOXB
ENST00000290295:HOXB13	0	HOXB13	PFA-EZHIP-PF	HOXB
ENST00000392539:HOXD13	0	HOXD13	PFA-EZHIP-PF	HOXD
ENST00000406506:HOXD12	0	HOXD12	PFA-EZHIP-PF	HOXD
ENST00000249504:HOXD11	0	HOXD11	PFA-EZHIP-PF	HOXD
ENST00000249501:HOXD10	0	HOXD10	PFA-EZHIP-PF	HOXD
ENST00000249499:HOXD9	0	HOXD9	PFA-EZHIP-PF	HOXD
ENST00000313173:HOXD8	0	HOXD8	PFA-EZHIP-PF	HOXD
ENST00000468418:HOXD3	817.8164370164742	HOXD3	PFA-EZHIP-PF	HOXD
ENST00000306324:HOXD4	269.8794242154365	HOXD4	PFA-EZHIP-PF	HOXD
ENST00000331462:HOXD1	8.178164370164742	HOXD1	PFA-EZHIP-PF	HOXD
ENST00000343060:HOXA1	89.95980807181216	HOXA1	PFA-EZHIP-PF	HOXA
ENST00000222718:HOXA2	666.5203961684265	HOXA2	PFA-EZHIP-PF	HOXA
ENST00000396352:HOXA3	576.5605880966143	HOXA3	PFA-EZHIP-PF	HOXA
ENST00000360046:HOXA4	594.9614579294849	HOXA4	PFA-EZHIP-PF	HOXA
ENST00000222726:HOXA5	32.71265748065897	HOXA5	PFA-EZHIP-PF	HOXA
ENST00000521478:HOXA6	0	HOXA6	PFA-EZHIP-PF	HOXA
ENST00000242159:HOXA7	0	HOXA7	PFA-EZHIP-PF	HOXA
ENST00000343483:HOXA9	0	HOXA9	PFA-EZHIP-PF	HOXA
ENST00000283921:HOXA10	0	HOXA10	PFA-EZHIP-PF	HOXA
ENST00000006015:HOXA11	0	HOXA11	PFA-EZHIP-PF	HOXA
ENST00000222753:HOXA13	0	HOXA13	PFA-EZHIP-PF	HOXA
ENST00000508190:HOXC9	0	HOXC9	PFA-EZHIP-PF	HOXC
ENST00000243056:HOXC13	0	HOXC13	PFA-EZHIP-PF	HOXC
ENST00000243103:HOXC12	0	HOXC12	PFA-EZHIP-PF	HOXC
ENST00000243082:HOXC11	0	HOXC11	PFA-EZHIP-PF	HOXC
ENST00000303460:HOXC10	0	HOXC10	PFA-EZHIP-PF	HOXC
ENST00000040584:HOXC8	0	HOXC8	PFA-EZHIP-PF	HOXC
ENST00000394331:HOXC6	0	HOXC6	PFA-EZHIP-PF	HOXC
ENST00000312492:HOXC5	8.178164370164742	HOXC5	PFA-EZHIP-PF	HOXC
ENST00000609810:HOXC4	184.00869832870669	HOXC4	PFA-EZHIP-PF	HOXC
ENST00000239174:HOXB1	0	HOXB1	PFA-EZHIP-PF	HOXB
ENST00000330070:HOXB2	372.1064788424958	HOXB2	PFA-EZHIP-PF	HOXB
ENST00000470495:HOXB3	1050.8941215661694	HOXB3	PFA-EZHIP-PF	HOXB
ENST00000332503:HOXB4	547.9370128010377	HOXB4	PFA-EZHIP-PF	HOXB
ENST00000239151:HOXB5	20.445410925411856	HOXB5	PFA-EZHIP-PF	HOXB
ENST00000484302:HOXB6	0	HOXB6	PFA-EZHIP-PF	HOXB
ENST00000239165:HOXB7	0	HOXB7	PFA-EZHIP-PF	HOXB
ENST00000239144:HOXB8	0	HOXB8	PFA-EZHIP-PF	HOXB
ENST00000311177:HOXB9	0	HOXB9	PFA-EZHIP-PF	HOXB
ENST00000290295:HOXB13	0	HOXB13	PFA-EZHIP-PF	HOXB
ENST00000392539:HOXD13	3.4080114330588303	HOXD13	PFA-EZHIP-PF	HOXD
ENST00000406506:HOXD12	0	HOXD12	PFA-EZHIP-PF	HOXD
ENST00000249504:HOXD11	0	HOXD11	PFA-EZHIP-PF	HOXD
ENST00000249501:HOXD10	0	HOXD10	PFA-EZHIP-PF	HOXD
ENST00000249499:HOXD9	0	HOXD9	PFA-EZHIP-PF	HOXD
ENST00000313173:HOXD8	10.224034299176491	HOXD8	PFA-EZHIP-PF	HOXD
ENST00000468418:HOXD3	173.80858308600034	HOXD3	PFA-EZHIP-PF	HOXD
ENST00000306324:HOXD4	51.12017149588245	HOXD4	PFA-EZHIP-PF	HOXD
ENST00000331462:HOXD1	0	HOXD1	PFA-EZHIP-PF	HOXD
ENST00000343060:HOXA1	17.04005716529415	HOXA1	PFA-EZHIP-PF	HOXA
ENST00000222718:HOXA2	485.6416292108833	HOXA2	PFA-EZHIP-PF	HOXA
ENST00000396352:HOXA3	514.6097263918833	HOXA3	PFA-EZHIP-PF	HOXA
ENST00000360046:HOXA4	518.0177378249422	HOXA4	PFA-EZHIP-PF	HOXA
ENST00000222726:HOXA5	102.2403429917649	HOXA5	PFA-EZHIP-PF	HOXA
ENST00000521478:HOXA6	0	HOXA6	PFA-EZHIP-PF	HOXA
ENST00000242159:HOXA7	0	HOXA7	PFA-EZHIP-PF	HOXA
ENST00000343483:HOXA9	27.264091464470642	HOXA9	PFA-EZHIP-PF	HOXA
ENST00000283921:HOXA10	0	HOXA10	PFA-EZHIP-PF	HOXA
ENST00000006015:HOXA11	3.4080114330588303	HOXA11	PFA-EZHIP-PF	HOXA
ENST00000222753:HOXA13	0	HOXA13	PFA-EZHIP-PF	HOXA
ENST00000508190:HOXC9	0	HOXC9	PFA-EZHIP-PF	HOXC
ENST00000243056:HOXC13	0	HOXC13	PFA-EZHIP-PF	HOXC
ENST00000243103:HOXC12	0	HOXC12	PFA-EZHIP-PF	HOXC
ENST00000243082:HOXC11	0	HOXC11	PFA-EZHIP-PF	HOXC
ENST00000303460:HOXC10	0	HOXC10	PFA-EZHIP-PF	HOXC
ENST00000040584:HOXC8	0	HOXC8	PFA-EZHIP-PF	HOXC
ENST00000394331:HOXC6	0	HOXC6	PFA-EZHIP-PF	HOXC
ENST00000312492:HOXC5	0	HOXC5	PFA-EZHIP-PF	HOXC
ENST00000609810:HOXC4	216.4087259992357	HOXC4	PFA-EZHIP-PF	HOXC
ENST00000239174:HOXB1	0	HOXB1	PFA-EZHIP-PF	HOXB
ENST00000330070:HOXB2	437.9294691480597	HOXB2	PFA-EZHIP-PF	HOXB
ENST00000470495:HOXB3	1197.916018720179	HOXB3	PFA-EZHIP-PF	HOXB
ENST00000332503:HOXB4	465.19356061253035	HOXB4	PFA-EZHIP-PF	HOXB
ENST00000239151:HOXB5	11.928040015705905	HOXB5	PFA-EZHIP-PF	HOXB
ENST00000484302:HOXB6	40.896137196705965	HOXB6	PFA-EZHIP-PF	HOXB
ENST00000239165:HOXB7	11.928040015705905	HOXB7	PFA-EZHIP-PF	HOXB
ENST00000239144:HOXB8	0	HOXB8	PFA-EZHIP-PF	HOXB
ENST00000311177:HOXB9	13.632045732235321	HOXB9	PFA-EZHIP-PF	HOXB
ENST00000290295:HOXB13	0	HOXB13	PFA-EZHIP-PF	HOXB
ENST00000392539:HOXD13	0	HOXD13	PFA-EZHIP-PF	HOXD
ENST00000406506:HOXD12	0	HOXD12	PFA-EZHIP-PF	HOXD
ENST00000249504:HOXD11	0	HOXD11	PFA-EZHIP-PF	HOXD
ENST00000249501:HOXD10	0	HOXD10	PFA-EZHIP-PF	HOXD
ENST00000249499:HOXD9	35.742606881682434	HOXD9	PFA-EZHIP-PF	HOXD
ENST00000313173:HOXD8	0	HOXD8	PFA-EZHIP-PF	HOXD
ENST00000468418:HOXD3	89.35651720420609	HOXD3	PFA-EZHIP-PF	HOXD
ENST00000306324:HOXD4	17.871303440841217	HOXD4	PFA-EZHIP-PF	HOXD
ENST00000331462:HOXD1	0	HOXD1	PFA-EZHIP-PF	HOXD
ENST00000343060:HOXA1	53.61391032252365	HOXA1	PFA-EZHIP-PF	HOXA
ENST00000222718:HOXA2	857.8225651603784	HOXA2	PFA-EZHIP-PF	HOXA
ENST00000396352:HOXA3	536.1391032252366	HOXA3	PFA-EZHIP-PF	HOXA
ENST00000360046:HOXA4	607.6243169886014	HOXA4	PFA-EZHIP-PF	HOXA
ENST00000222726:HOXA5	638.8990980100735	HOXA5	PFA-EZHIP-PF	HOXA
ENST00000521478:HOXA6	8.935651720420609	HOXA6	PFA-EZHIP-PF	HOXA
ENST00000242159:HOXA7	8.935651720420609	HOXA7	PFA-EZHIP-PF	HOXA
ENST00000343483:HOXA9	0	HOXA9	PFA-EZHIP-PF	HOXA
ENST00000283921:HOXA10	0	HOXA10	PFA-EZHIP-PF	HOXA
ENST00000006015:HOXA11	0	HOXA11	PFA-EZHIP-PF	HOXA
ENST00000222753:HOXA13	71.48521376336487	HOXA13	PFA-EZHIP-PF	HOXA
ENST00000508190:HOXC9	17.871303440841217	HOXC9	PFA-EZHIP-PF	HOXC
ENST00000243056:HOXC13	0	HOXC13	PFA-EZHIP-PF	HOXC
ENST00000243103:HOXC12	0	HOXC12	PFA-EZHIP-PF	HOXC
ENST00000243082:HOXC11	0	HOXC11	PFA-EZHIP-PF	HOXC
ENST00000303460:HOXC10	0	HOXC10	PFA-EZHIP-PF	HOXC
ENST00000040584:HOXC8	35.742606881682434	HOXC8	PFA-EZHIP-PF	HOXC
ENST00000394331:HOXC6	53.61391032252365	HOXC6	PFA-EZHIP-PF	HOXC
ENST00000312492:HOXC5	0	HOXC5	PFA-EZHIP-PF	HOXC
ENST00000609810:HOXC4	156.37390510736066	HOXC4	PFA-EZHIP-PF	HOXC
ENST00000239174:HOXB1	0	HOXB1	PFA-EZHIP-PF	HOXB
ENST00000330070:HOXB2	625.4956204294426	HOXB2	PFA-EZHIP-PF	HOXB
ENST00000470495:HOXB3	915.9043013431124	HOXB3	PFA-EZHIP-PF	HOXB
ENST00000332503:HOXB4	169.77738268799158	HOXB4	PFA-EZHIP-PF	HOXB
ENST00000239151:HOXB5	0	HOXB5	PFA-EZHIP-PF	HOXB
ENST00000484302:HOXB6	0	HOXB6	PFA-EZHIP-PF	HOXB
ENST00000239165:HOXB7	0	HOXB7	PFA-EZHIP-PF	HOXB
ENST00000239144:HOXB8	0	HOXB8	PFA-EZHIP-PF	HOXB
ENST00000311177:HOXB9	8.935651720420609	HOXB9	PFA-EZHIP-PF	HOXB
ENST00000290295:HOXB13	0	HOXB13	PFA-EZHIP-PF	HOXB
ENST00000392539:HOXD13	0	HOXD13	PFA-EZHIP-PF	HOXD
ENST00000406506:HOXD12	0	HOXD12	PFA-EZHIP-PF	HOXD
ENST00000249504:HOXD11	0	HOXD11	PFA-EZHIP-PF	HOXD
ENST00000249501:HOXD10	0	HOXD10	PFA-EZHIP-PF	HOXD
ENST00000249499:HOXD9	2.967348113222365	HOXD9	PFA-EZHIP-PF	HOXD
ENST00000313173:HOXD8	14.836740566111825	HOXD8	PFA-EZHIP-PF	HOXD
ENST00000468418:HOXD3	103.85718396278277	HOXD3	PFA-EZHIP-PF	HOXD
ENST00000306324:HOXD4	68.2490066041144	HOXD4	PFA-EZHIP-PF	HOXD
ENST00000331462:HOXD1	0	HOXD1	PFA-EZHIP-PF	HOXD
ENST00000343060:HOXA1	44.51022169833548	HOXA1	PFA-EZHIP-PF	HOXA
ENST00000222718:HOXA2	366.4674919829621	HOXA2	PFA-EZHIP-PF	HOXA
ENST00000396352:HOXA3	400.59199528501927	HOXA3	PFA-EZHIP-PF	HOXA
ENST00000360046:HOXA4	176.55721273673072	HOXA4	PFA-EZHIP-PF	HOXA
ENST00000222726:HOXA5	327.8919665110713	HOXA5	PFA-EZHIP-PF	HOXA
ENST00000521478:HOXA6	74.18370283055913	HOXA6	PFA-EZHIP-PF	HOXA
ENST00000242159:HOXA7	83.08574717022621	HOXA7	PFA-EZHIP-PF	HOXA
ENST00000343483:HOXA9	0	HOXA9	PFA-EZHIP-PF	HOXA
ENST00000283921:HOXA10	0	HOXA10	PFA-EZHIP-PF	HOXA
ENST00000006015:HOXA11	2.967348113222365	HOXA11	PFA-EZHIP-PF	HOXA
ENST00000222753:HOXA13	0	HOXA13	PFA-EZHIP-PF	HOXA
ENST00000508190:HOXC9	0	HOXC9	PFA-EZHIP-PF	HOXC
ENST00000243056:HOXC13	0	HOXC13	PFA-EZHIP-PF	HOXC
ENST00000243103:HOXC12	1.4836740566111826	HOXC12	PFA-EZHIP-PF	HOXC
ENST00000243082:HOXC11	0	HOXC11	PFA-EZHIP-PF	HOXC
ENST00000303460:HOXC10	0	HOXC10	PFA-EZHIP-PF	HOXC
ENST00000040584:HOXC8	0	HOXC8	PFA-EZHIP-PF	HOXC
ENST00000394331:HOXC6	0	HOXC6	PFA-EZHIP-PF	HOXC
ENST00000312492:HOXC5	0	HOXC5	PFA-EZHIP-PF	HOXC
ENST00000609810:HOXC4	59.3469622644473	HOXC4	PFA-EZHIP-PF	HOXC
ENST00000239174:HOXB1	0	HOXB1	PFA-EZHIP-PF	HOXB
ENST00000330070:HOXB2	357.565447643295	HOXB2	PFA-EZHIP-PF	HOXB
ENST00000470495:HOXB3	826.4064495324286	HOXB3	PFA-EZHIP-PF	HOXB
ENST00000332503:HOXB4	203.263345755732	HOXB4	PFA-EZHIP-PF	HOXB
ENST00000239151:HOXB5	2.967348113222365	HOXB5	PFA-EZHIP-PF	HOXB
ENST00000484302:HOXB6	2.967348113222365	HOXB6	PFA-EZHIP-PF	HOXB
ENST00000239165:HOXB7	2.967348113222365	HOXB7	PFA-EZHIP-PF	HOXB
ENST00000239144:HOXB8	0	HOXB8	PFA-EZHIP-PF	HOXB
ENST00000311177:HOXB9	2.967348113222365	HOXB9	PFA-EZHIP-PF	HOXB
ENST00000290295:HOXB13	0	HOXB13	PFA-EZHIP-PF	HOXB
ENST00000392539:HOXD13	0	HOXD13	PFA-EZHIP-PF	HOXD
ENST00000406506:HOXD12	0	HOXD12	PFA-EZHIP-PF	HOXD
ENST00000249504:HOXD11	0	HOXD11	PFA-EZHIP-PF	HOXD
ENST00000249501:HOXD10	0	HOXD10	PFA-EZHIP-PF	HOXD
ENST00000249499:HOXD9	0	HOXD9	PFA-EZHIP-PF	HOXD
ENST00000313173:HOXD8	6.804607162440681	HOXD8	PFA-EZHIP-PF	HOXD
ENST00000468418:HOXD3	103.77025922722038	HOXD3	PFA-EZHIP-PF	HOXD
ENST00000306324:HOXD4	83.35643773989834	HOXD4	PFA-EZHIP-PF	HOXD
ENST00000331462:HOXD1	0	HOXD1	PFA-EZHIP-PF	HOXD
ENST00000343060:HOXA1	51.034553718305105	HOXA1	PFA-EZHIP-PF	HOXA
ENST00000222718:HOXA2	459.31098346474596	HOXA2	PFA-EZHIP-PF	HOXA
ENST00000396352:HOXA3	396.36836721216963	HOXA3	PFA-EZHIP-PF	HOXA
ENST00000360046:HOXA4	277.28774186945776	HOXA4	PFA-EZHIP-PF	HOXA
ENST00000222726:HOXA5	369.14993856240693	HOXA5	PFA-EZHIP-PF	HOXA
ENST00000521478:HOXA6	6.804607162440681	HOXA6	PFA-EZHIP-PF	HOXA
ENST00000242159:HOXA7	0	HOXA7	PFA-EZHIP-PF	HOXA
ENST00000343483:HOXA9	0	HOXA9	PFA-EZHIP-PF	HOXA
ENST00000283921:HOXA10	0	HOXA10	PFA-EZHIP-PF	HOXA
ENST00000006015:HOXA11	0	HOXA11	PFA-EZHIP-PF	HOXA
ENST00000222753:HOXA13	0	HOXA13	PFA-EZHIP-PF	HOXA
ENST00000508190:HOXC9	0	HOXC9	PFA-EZHIP-PF	HOXC
ENST00000243056:HOXC13	0	HOXC13	PFA-EZHIP-PF	HOXC
ENST00000243103:HOXC12	0	HOXC12	PFA-EZHIP-PF	HOXC
ENST00000243082:HOXC11	0	HOXC11	PFA-EZHIP-PF	HOXC
ENST00000303460:HOXC10	0	HOXC10	PFA-EZHIP-PF	HOXC
ENST00000040584:HOXC8	0	HOXC8	PFA-EZHIP-PF	HOXC
ENST00000394331:HOXC6	8.50575895305085	HOXC6	PFA-EZHIP-PF	HOXC
ENST00000312492:HOXC5	3.4023035812203406	HOXC5	PFA-EZHIP-PF	HOXC
ENST00000609810:HOXC4	115.67832176149157	HOXC4	PFA-EZHIP-PF	HOXC
ENST00000239174:HOXB1	8.50575895305085	HOXB1	PFA-EZHIP-PF	HOXB
ENST00000330070:HOXB2	268.7819829164069	HOXB2	PFA-EZHIP-PF	HOXB
ENST00000470495:HOXB3	920.3231187201021	HOXB3	PFA-EZHIP-PF	HOXB
ENST00000332503:HOXB4	343.63266170325437	HOXB4	PFA-EZHIP-PF	HOXB
ENST00000239151:HOXB5	6.804607162440681	HOXB5	PFA-EZHIP-PF	HOXB
ENST00000484302:HOXB6	13.609214324881362	HOXB6	PFA-EZHIP-PF	HOXB
ENST00000239165:HOXB7	0	HOXB7	PFA-EZHIP-PF	HOXB
ENST00000239144:HOXB8	0	HOXB8	PFA-EZHIP-PF	HOXB
ENST00000311177:HOXB9	0	HOXB9	PFA-EZHIP-PF	HOXB
ENST00000290295:HOXB13	0	HOXB13	PFA-EZHIP-PF	HOXB
ENST00000392539:HOXD13	0	HOXD13	PFA-EZHIP-PF	HOXD
ENST00000406506:HOXD12	0	HOXD12	PFA-EZHIP-PF	HOXD
ENST00000249504:HOXD11	0	HOXD11	PFA-EZHIP-PF	HOXD
ENST00000249501:HOXD10	0	HOXD10	PFA-EZHIP-PF	HOXD
ENST00000249499:HOXD9	3.665033677749922	HOXD9	PFA-EZHIP-PF	HOXD
ENST00000313173:HOXD8	0	HOXD8	PFA-EZHIP-PF	HOXD
ENST00000468418:HOXD3	698.1889156113601	HOXD3	PFA-EZHIP-PF	HOXD
ENST00000306324:HOXD4	219.90202066499532	HOXD4	PFA-EZHIP-PF	HOXD
ENST00000331462:HOXD1	0	HOXD1	PFA-EZHIP-PF	HOXD
ENST00000343060:HOXA1	3.665033677749922	HOXA1	PFA-EZHIP-PF	HOXA
ENST00000222718:HOXA2	225.39957118162022	HOXA2	PFA-EZHIP-PF	HOXA
ENST00000396352:HOXA3	313.36037944761836	HOXA3	PFA-EZHIP-PF	HOXA
ENST00000360046:HOXA4	113.61604401024759	HOXA4	PFA-EZHIP-PF	HOXA
ENST00000222726:HOXA5	3.665033677749922	HOXA5	PFA-EZHIP-PF	HOXA
ENST00000521478:HOXA6	0	HOXA6	PFA-EZHIP-PF	HOXA
ENST00000242159:HOXA7	0	HOXA7	PFA-EZHIP-PF	HOXA
ENST00000343483:HOXA9	0	HOXA9	PFA-EZHIP-PF	HOXA
ENST00000283921:HOXA10	0	HOXA10	PFA-EZHIP-PF	HOXA
ENST00000006015:HOXA11	0	HOXA11	PFA-EZHIP-PF	HOXA
ENST00000222753:HOXA13	0	HOXA13	PFA-EZHIP-PF	HOXA
ENST00000508190:HOXC9	0	HOXC9	PFA-EZHIP-PF	HOXC
ENST00000243056:HOXC13	0	HOXC13	PFA-EZHIP-PF	HOXC
ENST00000243103:HOXC12	0	HOXC12	PFA-EZHIP-PF	HOXC
ENST00000243082:HOXC11	0	HOXC11	PFA-EZHIP-PF	HOXC
ENST00000303460:HOXC10	0	HOXC10	PFA-EZHIP-PF	HOXC
ENST00000040584:HOXC8	0	HOXC8	PFA-EZHIP-PF	HOXC
ENST00000394331:HOXC6	0	HOXC6	PFA-EZHIP-PF	HOXC
ENST00000312492:HOXC5	0	HOXC5	PFA-EZHIP-PF	HOXC
ENST00000609810:HOXC4	3.665033677749922	HOXC4	PFA-EZHIP-PF	HOXC
ENST00000239174:HOXB1	0	HOXB1	PFA-EZHIP-PF	HOXB
ENST00000330070:HOXB2	284.04011002561896	HOXB2	PFA-EZHIP-PF	HOXB
ENST00000470495:HOXB3	934.5835878262302	HOXB3	PFA-EZHIP-PF	HOXB
ENST00000332503:HOXB4	34.81781993862426	HOXB4	PFA-EZHIP-PF	HOXB
ENST00000239151:HOXB5	0	HOXB5	PFA-EZHIP-PF	HOXB
ENST00000484302:HOXB6	0	HOXB6	PFA-EZHIP-PF	HOXB
ENST00000239165:HOXB7	0	HOXB7	PFA-EZHIP-PF	HOXB
ENST00000239144:HOXB8	0	HOXB8	PFA-EZHIP-PF	HOXB
ENST00000311177:HOXB9	0	HOXB9	PFA-EZHIP-PF	HOXB
ENST00000290295:HOXB13	0	HOXB13	PFA-EZHIP-PF	HOXB
ENST00000392539:HOXD13	0	HOXD13	PFA-EZHIP-PF	HOXD
ENST00000406506:HOXD12	0	HOXD12	PFA-EZHIP-PF	HOXD
ENST00000249504:HOXD11	0	HOXD11	PFA-EZHIP-PF	HOXD
ENST00000249501:HOXD10	0	HOXD10	PFA-EZHIP-PF	HOXD
ENST00000249499:HOXD9	0	HOXD9	PFA-EZHIP-PF	HOXD
ENST00000313173:HOXD8	0	HOXD8	PFA-EZHIP-PF	HOXD
ENST00000468418:HOXD3	439.0784366633958	HOXD3	PFA-EZHIP-PF	HOXD
ENST00000306324:HOXD4	217.6787164814293	HOXD4	PFA-EZHIP-PF	HOXD
ENST00000331462:HOXD1	7.442007401074505	HOXD1	PFA-EZHIP-PF	HOXD
ENST00000343060:HOXA1	40.93104070590978	HOXA1	PFA-EZHIP-PF	HOXA
ENST00000222718:HOXA2	238.14423683438417	HOXA2	PFA-EZHIP-PF	HOXA
ENST00000396352:HOXA3	418.61291631044094	HOXA3	PFA-EZHIP-PF	HOXA
ENST00000360046:HOXA4	253.02825163653318	HOXA4	PFA-EZHIP-PF	HOXA
ENST00000222726:HOXA5	18.605018502686264	HOXA5	PFA-EZHIP-PF	HOXA
ENST00000521478:HOXA6	0	HOXA6	PFA-EZHIP-PF	HOXA
ENST00000242159:HOXA7	0	HOXA7	PFA-EZHIP-PF	HOXA
ENST00000343483:HOXA9	0	HOXA9	PFA-EZHIP-PF	HOXA
ENST00000283921:HOXA10	3.7210037005372527	HOXA10	PFA-EZHIP-PF	HOXA
ENST00000006015:HOXA11	0	HOXA11	PFA-EZHIP-PF	HOXA
ENST00000222753:HOXA13	3.7210037005372527	HOXA13	PFA-EZHIP-PF	HOXA
ENST00000508190:HOXC9	0	HOXC9	PFA-EZHIP-PF	HOXC
ENST00000243056:HOXC13	0	HOXC13	PFA-EZHIP-PF	HOXC
ENST00000243103:HOXC12	0	HOXC12	PFA-EZHIP-PF	HOXC
ENST00000243082:HOXC11	0	HOXC11	PFA-EZHIP-PF	HOXC
ENST00000303460:HOXC10	0	HOXC10	PFA-EZHIP-PF	HOXC
ENST00000040584:HOXC8	0	HOXC8	PFA-EZHIP-PF	HOXC
ENST00000394331:HOXC6	0	HOXC6	PFA-EZHIP-PF	HOXC
ENST00000312492:HOXC5	0	HOXC5	PFA-EZHIP-PF	HOXC
ENST00000609810:HOXC4	93.02509251343132	HOXC4	PFA-EZHIP-PF	HOXC
ENST00000239174:HOXB1	1.8605018502686264	HOXB1	PFA-EZHIP-PF	HOXB
ENST00000330070:HOXB2	420.47341816070957	HOXB2	PFA-EZHIP-PF	HOXB
ENST00000470495:HOXB3	946.9954417867308	HOXB3	PFA-EZHIP-PF	HOXB
ENST00000332503:HOXB4	567.453064331931	HOXB4	PFA-EZHIP-PF	HOXB
ENST00000239151:HOXB5	1.8605018502686264	HOXB5	PFA-EZHIP-PF	HOXB
ENST00000484302:HOXB6	7.442007401074505	HOXB6	PFA-EZHIP-PF	HOXB
ENST00000239165:HOXB7	11.163011101611758	HOXB7	PFA-EZHIP-PF	HOXB
ENST00000239144:HOXB8	0	HOXB8	PFA-EZHIP-PF	HOXB
ENST00000311177:HOXB9	0	HOXB9	PFA-EZHIP-PF	HOXB
ENST00000290295:HOXB13	0	HOXB13	PFA-EZHIP-PF	HOXB
ENST00000392539:HOXD13	0	HOXD13	PFA-EZHIP-PF	HOXD
ENST00000406506:HOXD12	0	HOXD12	PFA-EZHIP-PF	HOXD
ENST00000249504:HOXD11	0	HOXD11	PFA-EZHIP-PF	HOXD
ENST00000249501:HOXD10	0	HOXD10	PFA-EZHIP-PF	HOXD
ENST00000249499:HOXD9	0	HOXD9	PFA-EZHIP-PF	HOXD
ENST00000313173:HOXD8	0	HOXD8	PFA-EZHIP-PF	HOXD
ENST00000468418:HOXD3	0	HOXD3	PFA-EZHIP-PF	HOXD
ENST00000306324:HOXD4	0	HOXD4	PFA-EZHIP-PF	HOXD
ENST00000331462:HOXD1	0	HOXD1	PFA-EZHIP-PF	HOXD
ENST00000343060:HOXA1	0	HOXA1	PFA-EZHIP-PF	HOXA
ENST00000222718:HOXA2	14.49824758231942	HOXA2	PFA-EZHIP-PF	HOXA
ENST00000396352:HOXA3	0	HOXA3	PFA-EZHIP-PF	HOXA
ENST00000360046:HOXA4	8.284712904182527	HOXA4	PFA-EZHIP-PF	HOXA
ENST00000222726:HOXA5	0	HOXA5	PFA-EZHIP-PF	HOXA
ENST00000521478:HOXA6	0	HOXA6	PFA-EZHIP-PF	HOXA
ENST00000242159:HOXA7	0	HOXA7	PFA-EZHIP-PF	HOXA
ENST00000343483:HOXA9	0	HOXA9	PFA-EZHIP-PF	HOXA
ENST00000283921:HOXA10	0	HOXA10	PFA-EZHIP-PF	HOXA
ENST00000006015:HOXA11	0	HOXA11	PFA-EZHIP-PF	HOXA
ENST00000222753:HOXA13	0	HOXA13	PFA-EZHIP-PF	HOXA
ENST00000508190:HOXC9	0	HOXC9	PFA-EZHIP-PF	HOXC
ENST00000243056:HOXC13	0	HOXC13	PFA-EZHIP-PF	HOXC
ENST00000243103:HOXC12	0	HOXC12	PFA-EZHIP-PF	HOXC
ENST00000243082:HOXC11	0	HOXC11	PFA-EZHIP-PF	HOXC
ENST00000303460:HOXC10	0	HOXC10	PFA-EZHIP-PF	HOXC
ENST00000040584:HOXC8	4.1423564520912635	HOXC8	PFA-EZHIP-PF	HOXC
ENST00000394331:HOXC6	0	HOXC6	PFA-EZHIP-PF	HOXC
ENST00000312492:HOXC5	0	HOXC5	PFA-EZHIP-PF	HOXC
ENST00000609810:HOXC4	8.284712904182527	HOXC4	PFA-EZHIP-PF	HOXC
ENST00000239174:HOXB1	0	HOXB1	PFA-EZHIP-PF	HOXB
ENST00000330070:HOXB2	4.1423564520912635	HOXB2	PFA-EZHIP-PF	HOXB
ENST00000470495:HOXB3	4.1423564520912635	HOXB3	PFA-EZHIP-PF	HOXB
ENST00000332503:HOXB4	4.1423564520912635	HOXB4	PFA-EZHIP-PF	HOXB
ENST00000239151:HOXB5	0	HOXB5	PFA-EZHIP-PF	HOXB
ENST00000484302:HOXB6	0	HOXB6	PFA-EZHIP-PF	HOXB
ENST00000239165:HOXB7	0	HOXB7	PFA-EZHIP-PF	HOXB
ENST00000239144:HOXB8	4.1423564520912635	HOXB8	PFA-EZHIP-PF	HOXB
ENST00000311177:HOXB9	0	HOXB9	PFA-EZHIP-PF	HOXB
ENST00000290295:HOXB13	0	HOXB13	PFA-EZHIP-PF	HOXB
ENST00000392539:HOXD13	0	HOXD13	PFA-EZHIP-PF	HOXD
ENST00000406506:HOXD12	0	HOXD12	PFA-EZHIP-PF	HOXD
ENST00000249504:HOXD11	0	HOXD11	PFA-EZHIP-PF	HOXD
ENST00000249501:HOXD10	0	HOXD10	PFA-EZHIP-PF	HOXD
ENST00000249499:HOXD9	15.237997678659347	HOXD9	PFA-EZHIP-PF	HOXD
ENST00000313173:HOXD8	255.23646111754408	HOXD8	PFA-EZHIP-PF	HOXD
ENST00000468418:HOXD3	1039.9933415685005	HOXD3	PFA-EZHIP-PF	HOXD
ENST00000306324:HOXD4	236.1889640192199	HOXD4	PFA-EZHIP-PF	HOXD
ENST00000331462:HOXD1	3.809499419664837	HOXD1	PFA-EZHIP-PF	HOXD
ENST00000343060:HOXA1	26.66649593765386	HOXA1	PFA-EZHIP-PF	HOXA
ENST00000222718:HOXA2	464.75892919911007	HOXA2	PFA-EZHIP-PF	HOXA
ENST00000396352:HOXA3	422.8544355827969	HOXA3	PFA-EZHIP-PF	HOXA
ENST00000360046:HOXA4	281.90295705519793	HOXA4	PFA-EZHIP-PF	HOXA
ENST00000222726:HOXA5	22.85699651798902	HOXA5	PFA-EZHIP-PF	HOXA
ENST00000521478:HOXA6	0	HOXA6	PFA-EZHIP-PF	HOXA
ENST00000242159:HOXA7	0	HOXA7	PFA-EZHIP-PF	HOXA
ENST00000343483:HOXA9	0	HOXA9	PFA-EZHIP-PF	HOXA
ENST00000283921:HOXA10	3.809499419664837	HOXA10	PFA-EZHIP-PF	HOXA
ENST00000006015:HOXA11	0	HOXA11	PFA-EZHIP-PF	HOXA
ENST00000222753:HOXA13	3.809499419664837	HOXA13	PFA-EZHIP-PF	HOXA
ENST00000508190:HOXC9	0	HOXC9	PFA-EZHIP-PF	HOXC
ENST00000243056:HOXC13	0	HOXC13	PFA-EZHIP-PF	HOXC
ENST00000243103:HOXC12	0	HOXC12	PFA-EZHIP-PF	HOXC
ENST00000243082:HOXC11	0	HOXC11	PFA-EZHIP-PF	HOXC
ENST00000303460:HOXC10	0	HOXC10	PFA-EZHIP-PF	HOXC
ENST00000040584:HOXC8	0	HOXC8	PFA-EZHIP-PF	HOXC
ENST00000394331:HOXC6	0	HOXC6	PFA-EZHIP-PF	HOXC
ENST00000312492:HOXC5	0	HOXC5	PFA-EZHIP-PF	HOXC
ENST00000609810:HOXC4	87.61848665229125	HOXC4	PFA-EZHIP-PF	HOXC
ENST00000239174:HOXB1	5.714249129497255	HOXB1	PFA-EZHIP-PF	HOXB
ENST00000330070:HOXB2	417.14018645329963	HOXB2	PFA-EZHIP-PF	HOXB
ENST00000470495:HOXB3	1076.1835860553165	HOXB3	PFA-EZHIP-PF	HOXB
ENST00000332503:HOXB4	546.6631667219041	HOXB4	PFA-EZHIP-PF	HOXB
ENST00000239151:HOXB5	7.618998839329674	HOXB5	PFA-EZHIP-PF	HOXB
ENST00000484302:HOXB6	3.809499419664837	HOXB6	PFA-EZHIP-PF	HOXB
ENST00000239165:HOXB7	3.809499419664837	HOXB7	PFA-EZHIP-PF	HOXB
ENST00000239144:HOXB8	0	HOXB8	PFA-EZHIP-PF	HOXB
ENST00000311177:HOXB9	0	HOXB9	PFA-EZHIP-PF	HOXB
ENST00000290295:HOXB13	0	HOXB13	PFA-EZHIP-PF	HOXB
ENST00000392539:HOXD13	0	HOXD13	HGG-H3.3K27M-Thal.	HOXD
ENST00000406506:HOXD12	0	HOXD12	HGG-H3.3K27M-Thal.	HOXD
ENST00000249504:HOXD11	0	HOXD11	HGG-H3.3K27M-Thal.	HOXD
ENST00000249501:HOXD10	0	HOXD10	HGG-H3.3K27M-Thal.	HOXD
ENST00000249499:HOXD9	0.7985926910537579	HOXD9	HGG-H3.3K27M-Thal.	HOXD
ENST00000313173:HOXD8	0.7985926910537579	HOXD8	HGG-H3.3K27M-Thal.	HOXD
ENST00000468418:HOXD3	0.7985926910537579	HOXD3	HGG-H3.3K27M-Thal.	HOXD
ENST00000306324:HOXD4	1.5971853821075157	HOXD4	HGG-H3.3K27M-Thal.	HOXD
ENST00000331462:HOXD1	0	HOXD1	HGG-H3.3K27M-Thal.	HOXD
ENST00000343060:HOXA1	0	HOXA1	HGG-H3.3K27M-Thal.	HOXA
ENST00000222718:HOXA2	0.7985926910537579	HOXA2	HGG-H3.3K27M-Thal.	HOXA
ENST00000396352:HOXA3	0	HOXA3	HGG-H3.3K27M-Thal.	HOXA
ENST00000360046:HOXA4	0.7985926910537579	HOXA4	HGG-H3.3K27M-Thal.	HOXA
ENST00000222726:HOXA5	0.7985926910537579	HOXA5	HGG-H3.3K27M-Thal.	HOXA
ENST00000521478:HOXA6	0	HOXA6	HGG-H3.3K27M-Thal.	HOXA
ENST00000242159:HOXA7	0.7985926910537579	HOXA7	HGG-H3.3K27M-Thal.	HOXA
ENST00000343483:HOXA9	0.7985926910537579	HOXA9	HGG-H3.3K27M-Thal.	HOXA
ENST00000283921:HOXA10	0	HOXA10	HGG-H3.3K27M-Thal.	HOXA
ENST00000006015:HOXA11	0	HOXA11	HGG-H3.3K27M-Thal.	HOXA
ENST00000222753:HOXA13	0	HOXA13	HGG-H3.3K27M-Thal.	HOXA
ENST00000508190:HOXC9	0	HOXC9	HGG-H3.3K27M-Thal.	HOXC
ENST00000243056:HOXC13	0	HOXC13	HGG-H3.3K27M-Thal.	HOXC
ENST00000243103:HOXC12	0	HOXC12	HGG-H3.3K27M-Thal.	HOXC
ENST00000243082:HOXC11	0	HOXC11	HGG-H3.3K27M-Thal.	HOXC
ENST00000303460:HOXC10	0	HOXC10	HGG-H3.3K27M-Thal.	HOXC
ENST00000040584:HOXC8	0	HOXC8	HGG-H3.3K27M-Thal.	HOXC
ENST00000394331:HOXC6	0	HOXC6	HGG-H3.3K27M-Thal.	HOXC
ENST00000312492:HOXC5	0	HOXC5	HGG-H3.3K27M-Thal.	HOXC
ENST00000609810:HOXC4	7.18733421948382	HOXC4	HGG-H3.3K27M-Thal.	HOXC
ENST00000239174:HOXB1	0	HOXB1	HGG-H3.3K27M-Thal.	HOXB
ENST00000330070:HOXB2	0	HOXB2	HGG-H3.3K27M-Thal.	HOXB
ENST00000470495:HOXB3	2.3957780731612734	HOXB3	HGG-H3.3K27M-Thal.	HOXB
ENST00000332503:HOXB4	3.1943707642150314	HOXB4	HGG-H3.3K27M-Thal.	HOXB
ENST00000239151:HOXB5	0	HOXB5	HGG-H3.3K27M-Thal.	HOXB
ENST00000484302:HOXB6	0	HOXB6	HGG-H3.3K27M-Thal.	HOXB
ENST00000239165:HOXB7	0	HOXB7	HGG-H3.3K27M-Thal.	HOXB
ENST00000239144:HOXB8	0	HOXB8	HGG-H3.3K27M-Thal.	HOXB
ENST00000311177:HOXB9	0	HOXB9	HGG-H3.3K27M-Thal.	HOXB
ENST00000290295:HOXB13	0	HOXB13	HGG-H3.3K27M-Thal.	HOXB
ENST00000392539:HOXD13	0	HOXD13	HGG-H3.3K27M-Pons	HOXD
ENST00000406506:HOXD12	0	HOXD12	HGG-H3.3K27M-Pons	HOXD
ENST00000249504:HOXD11	0	HOXD11	HGG-H3.3K27M-Pons	HOXD
ENST00000249501:HOXD10	2.5522021965349424	HOXD10	HGG-H3.3K27M-Pons	HOXD
ENST00000249499:HOXD9	2.5522021965349424	HOXD9	HGG-H3.3K27M-Pons	HOXD
ENST00000313173:HOXD8	14.037112080942183	HOXD8	HGG-H3.3K27M-Pons	HOXD
ENST00000468418:HOXD3	324.76772950907144	HOXD3	HGG-H3.3K27M-Pons	HOXD
ENST00000306324:HOXD4	109.74469445100253	HOXD4	HGG-H3.3K27M-Pons	HOXD
ENST00000331462:HOXD1	70.18556040471091	HOXD1	HGG-H3.3K27M-Pons	HOXD
ENST00000343060:HOXA1	16.589314277477126	HOXA1	HGG-H3.3K27M-Pons	HOXA
ENST00000222718:HOXA2	66.3572571099085	HOXA2	HGG-H3.3K27M-Pons	HOXA
ENST00000396352:HOXA3	40.19718459542534	HOXA3	HGG-H3.3K27M-Pons	HOXA
ENST00000360046:HOXA4	8.932707687872298	HOXA4	HGG-H3.3K27M-Pons	HOXA
ENST00000222726:HOXA5	1.2761010982674712	HOXA5	HGG-H3.3K27M-Pons	HOXA
ENST00000521478:HOXA6	0	HOXA6	HGG-H3.3K27M-Pons	HOXA
ENST00000242159:HOXA7	0	HOXA7	HGG-H3.3K27M-Pons	HOXA
ENST00000343483:HOXA9	1.2761010982674712	HOXA9	HGG-H3.3K27M-Pons	HOXA
ENST00000283921:HOXA10	0	HOXA10	HGG-H3.3K27M-Pons	HOXA
ENST00000006015:HOXA11	0	HOXA11	HGG-H3.3K27M-Pons	HOXA
ENST00000222753:HOXA13	1.2761010982674712	HOXA13	HGG-H3.3K27M-Pons	HOXA
ENST00000508190:HOXC9	3.8283032948024136	HOXC9	HGG-H3.3K27M-Pons	HOXC
ENST00000243056:HOXC13	0	HOXC13	HGG-H3.3K27M-Pons	HOXC
ENST00000243103:HOXC12	0	HOXC12	HGG-H3.3K27M-Pons	HOXC
ENST00000243082:HOXC11	0	HOXC11	HGG-H3.3K27M-Pons	HOXC
ENST00000303460:HOXC10	1.9141516474012068	HOXC10	HGG-H3.3K27M-Pons	HOXC
ENST00000040584:HOXC8	0	HOXC8	HGG-H3.3K27M-Pons	HOXC
ENST00000394331:HOXC6	1.2761010982674712	HOXC6	HGG-H3.3K27M-Pons	HOXC
ENST00000312492:HOXC5	2.5522021965349424	HOXC5	HGG-H3.3K27M-Pons	HOXC
ENST00000609810:HOXC4	35.092780202355456	HOXC4	HGG-H3.3K27M-Pons	HOXC
ENST00000239174:HOXB1	0	HOXB1	HGG-H3.3K27M-Pons	HOXB
ENST00000330070:HOXB2	124.41985708107845	HOXB2	HGG-H3.3K27M-Pons	HOXB
ENST00000470495:HOXB3	45.301588988495226	HOXB3	HGG-H3.3K27M-Pons	HOXB
ENST00000332503:HOXB4	15.313213179209654	HOXB4	HGG-H3.3K27M-Pons	HOXB
ENST00000239151:HOXB5	0	HOXB5	HGG-H3.3K27M-Pons	HOXB
ENST00000484302:HOXB6	0	HOXB6	HGG-H3.3K27M-Pons	HOXB
ENST00000239165:HOXB7	2.5522021965349424	HOXB7	HGG-H3.3K27M-Pons	HOXB
ENST00000239144:HOXB8	0	HOXB8	HGG-H3.3K27M-Pons	HOXB
ENST00000311177:HOXB9	0	HOXB9	HGG-H3.3K27M-Pons	HOXB
ENST00000290295:HOXB13	0	HOXB13	HGG-H3.3K27M-Pons	HOXB
ENST00000392539:HOXD13	1.3398666081398873	HOXD13	HGG-H3.3K27M-Pons	HOXD
ENST00000406506:HOXD12	0	HOXD12	HGG-H3.3K27M-Pons	HOXD
ENST00000249504:HOXD11	0	HOXD11	HGG-H3.3K27M-Pons	HOXD
ENST00000249501:HOXD10	1.3398666081398873	HOXD10	HGG-H3.3K27M-Pons	HOXD
ENST00000249499:HOXD9	0	HOXD9	HGG-H3.3K27M-Pons	HOXD
ENST00000313173:HOXD8	0	HOXD8	HGG-H3.3K27M-Pons	HOXD
ENST00000468418:HOXD3	1401.500472114322	HOXD3	HGG-H3.3K27M-Pons	HOXD
ENST00000306324:HOXD4	493.74084509954844	HOXD4	HGG-H3.3K27M-Pons	HOXD
ENST00000331462:HOXD1	267.3033883239075	HOXD1	HGG-H3.3K27M-Pons	HOXD
ENST00000343060:HOXA1	61.63386397443482	HOXA1	HGG-H3.3K27M-Pons	HOXA
ENST00000222718:HOXA2	312.85885300066366	HOXA2	HGG-H3.3K27M-Pons	HOXA
ENST00000396352:HOXA3	311.5189863925238	HOXA3	HGG-H3.3K27M-Pons	HOXA
ENST00000360046:HOXA4	310.84905308845384	HOXA4	HGG-H3.3K27M-Pons	HOXA
ENST00000222726:HOXA5	329.60718560241224	HOXA5	HGG-H3.3K27M-Pons	HOXA
ENST00000521478:HOXA6	22.10779903430814	HOXA6	HGG-H3.3K27M-Pons	HOXA
ENST00000242159:HOXA7	1.3398666081398873	HOXA7	HGG-H3.3K27M-Pons	HOXA
ENST00000343483:HOXA9	0	HOXA9	HGG-H3.3K27M-Pons	HOXA
ENST00000283921:HOXA10	0	HOXA10	HGG-H3.3K27M-Pons	HOXA
ENST00000006015:HOXA11	1.3398666081398873	HOXA11	HGG-H3.3K27M-Pons	HOXA
ENST00000222753:HOXA13	0	HOXA13	HGG-H3.3K27M-Pons	HOXA
ENST00000508190:HOXC9	0	HOXC9	HGG-H3.3K27M-Pons	HOXC
ENST00000243056:HOXC13	0	HOXC13	HGG-H3.3K27M-Pons	HOXC
ENST00000243103:HOXC12	0	HOXC12	HGG-H3.3K27M-Pons	HOXC
ENST00000243082:HOXC11	0	HOXC11	HGG-H3.3K27M-Pons	HOXC
ENST00000303460:HOXC10	1.3398666081398873	HOXC10	HGG-H3.3K27M-Pons	HOXC
ENST00000040584:HOXC8	93.7906625697921	HOXC8	HGG-H3.3K27M-Pons	HOXC
ENST00000394331:HOXC6	133.98666081398872	HOXC6	HGG-H3.3K27M-Pons	HOXC
ENST00000312492:HOXC5	73.6926634476938	HOXC5	HGG-H3.3K27M-Pons	HOXC
ENST00000609810:HOXC4	308.16931987217407	HOXC4	HGG-H3.3K27M-Pons	HOXC
ENST00000239174:HOXB1	0	HOXB1	HGG-H3.3K27M-Pons	HOXB
ENST00000330070:HOXB2	189.59112505179405	HOXB2	HGG-H3.3K27M-Pons	HOXB
ENST00000470495:HOXB3	17.418265905818533	HOXB3	HGG-H3.3K27M-Pons	HOXB
ENST00000332503:HOXB4	4.019599824419662	HOXB4	HGG-H3.3K27M-Pons	HOXB
ENST00000239151:HOXB5	0	HOXB5	HGG-H3.3K27M-Pons	HOXB
ENST00000484302:HOXB6	2.6797332162797747	HOXB6	HGG-H3.3K27M-Pons	HOXB
ENST00000239165:HOXB7	6.699333040699436	HOXB7	HGG-H3.3K27M-Pons	HOXB
ENST00000239144:HOXB8	0	HOXB8	HGG-H3.3K27M-Pons	HOXB
ENST00000311177:HOXB9	0	HOXB9	HGG-H3.3K27M-Pons	HOXB
ENST00000290295:HOXB13	0	HOXB13	HGG-H3.3K27M-Pons	HOXB
ENST00000392539:HOXD13	0	HOXD13	HGG-H3.3K27M-Pons	HOXD
ENST00000406506:HOXD12	0	HOXD12	HGG-H3.3K27M-Pons	HOXD
ENST00000249504:HOXD11	0	HOXD11	HGG-H3.3K27M-Pons	HOXD
ENST00000249501:HOXD10	0	HOXD10	HGG-H3.3K27M-Pons	HOXD
ENST00000249499:HOXD9	0	HOXD9	HGG-H3.3K27M-Pons	HOXD
ENST00000313173:HOXD8	0	HOXD8	HGG-H3.3K27M-Pons	HOXD
ENST00000468418:HOXD3	3.0296069730870374	HOXD3	HGG-H3.3K27M-Pons	HOXD
ENST00000306324:HOXD4	0	HOXD4	HGG-H3.3K27M-Pons	HOXD
ENST00000331462:HOXD1	4.544410459630556	HOXD1	HGG-H3.3K27M-Pons	HOXD
ENST00000343060:HOXA1	0	HOXA1	HGG-H3.3K27M-Pons	HOXA
ENST00000222718:HOXA2	0	HOXA2	HGG-H3.3K27M-Pons	HOXA
ENST00000396352:HOXA3	1.5148034865435187	HOXA3	HGG-H3.3K27M-Pons	HOXA
ENST00000360046:HOXA4	4.544410459630556	HOXA4	HGG-H3.3K27M-Pons	HOXA
ENST00000222726:HOXA5	0	HOXA5	HGG-H3.3K27M-Pons	HOXA
ENST00000521478:HOXA6	0	HOXA6	HGG-H3.3K27M-Pons	HOXA
ENST00000242159:HOXA7	0	HOXA7	HGG-H3.3K27M-Pons	HOXA
ENST00000343483:HOXA9	0	HOXA9	HGG-H3.3K27M-Pons	HOXA
ENST00000283921:HOXA10	0	HOXA10	HGG-H3.3K27M-Pons	HOXA
ENST00000006015:HOXA11	0	HOXA11	HGG-H3.3K27M-Pons	HOXA
ENST00000222753:HOXA13	0	HOXA13	HGG-H3.3K27M-Pons	HOXA
ENST00000508190:HOXC9	0	HOXC9	HGG-H3.3K27M-Pons	HOXC
ENST00000243056:HOXC13	0	HOXC13	HGG-H3.3K27M-Pons	HOXC
ENST00000243103:HOXC12	0	HOXC12	HGG-H3.3K27M-Pons	HOXC
ENST00000243082:HOXC11	0	HOXC11	HGG-H3.3K27M-Pons	HOXC
ENST00000303460:HOXC10	0	HOXC10	HGG-H3.3K27M-Pons	HOXC
ENST00000040584:HOXC8	0	HOXC8	HGG-H3.3K27M-Pons	HOXC
ENST00000394331:HOXC6	0	HOXC6	HGG-H3.3K27M-Pons	HOXC
ENST00000312492:HOXC5	0	HOXC5	HGG-H3.3K27M-Pons	HOXC
ENST00000609810:HOXC4	6.059213946174075	HOXC4	HGG-H3.3K27M-Pons	HOXC
ENST00000239174:HOXB1	0	HOXB1	HGG-H3.3K27M-Pons	HOXB
ENST00000330070:HOXB2	3.0296069730870374	HOXB2	HGG-H3.3K27M-Pons	HOXB
ENST00000470495:HOXB3	4.544410459630556	HOXB3	HGG-H3.3K27M-Pons	HOXB
ENST00000332503:HOXB4	1.5148034865435187	HOXB4	HGG-H3.3K27M-Pons	HOXB
ENST00000239151:HOXB5	0	HOXB5	HGG-H3.3K27M-Pons	HOXB
ENST00000484302:HOXB6	0	HOXB6	HGG-H3.3K27M-Pons	HOXB
ENST00000239165:HOXB7	0	HOXB7	HGG-H3.3K27M-Pons	HOXB
ENST00000239144:HOXB8	0	HOXB8	HGG-H3.3K27M-Pons	HOXB
ENST00000311177:HOXB9	0	HOXB9	HGG-H3.3K27M-Pons	HOXB
ENST00000290295:HOXB13	0	HOXB13	HGG-H3.3K27M-Pons	HOXB
ENST00000392539:HOXD13	0	HOXD13	HGG-H3.3K27M-Thal.	HOXD
ENST00000406506:HOXD12	0	HOXD12	HGG-H3.3K27M-Thal.	HOXD
ENST00000249504:HOXD11	0	HOXD11	HGG-H3.3K27M-Thal.	HOXD
ENST00000249501:HOXD10	0	HOXD10	HGG-H3.3K27M-Thal.	HOXD
ENST00000249499:HOXD9	0	HOXD9	HGG-H3.3K27M-Thal.	HOXD
ENST00000313173:HOXD8	0	HOXD8	HGG-H3.3K27M-Thal.	HOXD
ENST00000468418:HOXD3	0	HOXD3	HGG-H3.3K27M-Thal.	HOXD
ENST00000306324:HOXD4	0	HOXD4	HGG-H3.3K27M-Thal.	HOXD
ENST00000331462:HOXD1	1.335830307655824	HOXD1	HGG-H3.3K27M-Thal.	HOXD
ENST00000343060:HOXA1	0	HOXA1	HGG-H3.3K27M-Thal.	HOXA
ENST00000222718:HOXA2	0	HOXA2	HGG-H3.3K27M-Thal.	HOXA
ENST00000396352:HOXA3	0	HOXA3	HGG-H3.3K27M-Thal.	HOXA
ENST00000360046:HOXA4	0	HOXA4	HGG-H3.3K27M-Thal.	HOXA
ENST00000222726:HOXA5	0	HOXA5	HGG-H3.3K27M-Thal.	HOXA
ENST00000521478:HOXA6	0	HOXA6	HGG-H3.3K27M-Thal.	HOXA
ENST00000242159:HOXA7	0	HOXA7	HGG-H3.3K27M-Thal.	HOXA
ENST00000343483:HOXA9	0	HOXA9	HGG-H3.3K27M-Thal.	HOXA
ENST00000283921:HOXA10	0	HOXA10	HGG-H3.3K27M-Thal.	HOXA
ENST00000006015:HOXA11	1.335830307655824	HOXA11	HGG-H3.3K27M-Thal.	HOXA
ENST00000222753:HOXA13	0	HOXA13	HGG-H3.3K27M-Thal.	HOXA
ENST00000508190:HOXC9	0	HOXC9	HGG-H3.3K27M-Thal.	HOXC
ENST00000243056:HOXC13	0	HOXC13	HGG-H3.3K27M-Thal.	HOXC
ENST00000243103:HOXC12	0	HOXC12	HGG-H3.3K27M-Thal.	HOXC
ENST00000243082:HOXC11	0	HOXC11	HGG-H3.3K27M-Thal.	HOXC
ENST00000303460:HOXC10	0	HOXC10	HGG-H3.3K27M-Thal.	HOXC
ENST00000040584:HOXC8	0	HOXC8	HGG-H3.3K27M-Thal.	HOXC
ENST00000394331:HOXC6	0	HOXC6	HGG-H3.3K27M-Thal.	HOXC
ENST00000312492:HOXC5	0	HOXC5	HGG-H3.3K27M-Thal.	HOXC
ENST00000609810:HOXC4	4.007490922967472	HOXC4	HGG-H3.3K27M-Thal.	HOXC
ENST00000239174:HOXB1	0	HOXB1	HGG-H3.3K27M-Thal.	HOXB
ENST00000330070:HOXB2	1.335830307655824	HOXB2	HGG-H3.3K27M-Thal.	HOXB
ENST00000470495:HOXB3	0	HOXB3	HGG-H3.3K27M-Thal.	HOXB
ENST00000332503:HOXB4	0	HOXB4	HGG-H3.3K27M-Thal.	HOXB
ENST00000239151:HOXB5	1.335830307655824	HOXB5	HGG-H3.3K27M-Thal.	HOXB
ENST00000484302:HOXB6	0	HOXB6	HGG-H3.3K27M-Thal.	HOXB
ENST00000239165:HOXB7	0	HOXB7	HGG-H3.3K27M-Thal.	HOXB
ENST00000239144:HOXB8	0	HOXB8	HGG-H3.3K27M-Thal.	HOXB
ENST00000311177:HOXB9	0	HOXB9	HGG-H3.3K27M-Thal.	HOXB
ENST00000290295:HOXB13	0	HOXB13	HGG-H3.3K27M-Thal.	HOXB
ENST00000392539:HOXD13	0	HOXD13	HGG-H3.3K27M-Thal.	HOXD
ENST00000406506:HOXD12	0	HOXD12	HGG-H3.3K27M-Thal.	HOXD
ENST00000249504:HOXD11	0	HOXD11	HGG-H3.3K27M-Thal.	HOXD
ENST00000249501:HOXD10	0	HOXD10	HGG-H3.3K27M-Thal.	HOXD
ENST00000249499:HOXD9	0	HOXD9	HGG-H3.3K27M-Thal.	HOXD
ENST00000313173:HOXD8	0	HOXD8	HGG-H3.3K27M-Thal.	HOXD
ENST00000468418:HOXD3	0	HOXD3	HGG-H3.3K27M-Thal.	HOXD
ENST00000306324:HOXD4	0	HOXD4	HGG-H3.3K27M-Thal.	HOXD
ENST00000331462:HOXD1	12.69983987459103	HOXD1	HGG-H3.3K27M-Thal.	HOXD
ENST00000343060:HOXA1	5.079935949836412	HOXA1	HGG-H3.3K27M-Thal.	HOXA
ENST00000222718:HOXA2	1.269983987459103	HOXA2	HGG-H3.3K27M-Thal.	HOXA
ENST00000396352:HOXA3	0	HOXA3	HGG-H3.3K27M-Thal.	HOXA
ENST00000360046:HOXA4	0	HOXA4	HGG-H3.3K27M-Thal.	HOXA
ENST00000222726:HOXA5	0	HOXA5	HGG-H3.3K27M-Thal.	HOXA
ENST00000521478:HOXA6	0	HOXA6	HGG-H3.3K27M-Thal.	HOXA
ENST00000242159:HOXA7	0	HOXA7	HGG-H3.3K27M-Thal.	HOXA
ENST00000343483:HOXA9	2.539967974918206	HOXA9	HGG-H3.3K27M-Thal.	HOXA
ENST00000283921:HOXA10	2.539967974918206	HOXA10	HGG-H3.3K27M-Thal.	HOXA
ENST00000006015:HOXA11	0	HOXA11	HGG-H3.3K27M-Thal.	HOXA
ENST00000222753:HOXA13	0	HOXA13	HGG-H3.3K27M-Thal.	HOXA
ENST00000508190:HOXC9	0	HOXC9	HGG-H3.3K27M-Thal.	HOXC
ENST00000243056:HOXC13	0	HOXC13	HGG-H3.3K27M-Thal.	HOXC
ENST00000243103:HOXC12	0	HOXC12	HGG-H3.3K27M-Thal.	HOXC
ENST00000243082:HOXC11	0	HOXC11	HGG-H3.3K27M-Thal.	HOXC
ENST00000303460:HOXC10	0	HOXC10	HGG-H3.3K27M-Thal.	HOXC
ENST00000040584:HOXC8	2.539967974918206	HOXC8	HGG-H3.3K27M-Thal.	HOXC
ENST00000394331:HOXC6	0	HOXC6	HGG-H3.3K27M-Thal.	HOXC
ENST00000312492:HOXC5	0	HOXC5	HGG-H3.3K27M-Thal.	HOXC
ENST00000609810:HOXC4	7.619903924754618	HOXC4	HGG-H3.3K27M-Thal.	HOXC
ENST00000239174:HOXB1	2.539967974918206	HOXB1	HGG-H3.3K27M-Thal.	HOXB
ENST00000330070:HOXB2	5.079935949836412	HOXB2	HGG-H3.3K27M-Thal.	HOXB
ENST00000470495:HOXB3	2.539967974918206	HOXB3	HGG-H3.3K27M-Thal.	HOXB
ENST00000332503:HOXB4	2.539967974918206	HOXB4	HGG-H3.3K27M-Thal.	HOXB
ENST00000239151:HOXB5	0	HOXB5	HGG-H3.3K27M-Thal.	HOXB
ENST00000484302:HOXB6	0	HOXB6	HGG-H3.3K27M-Thal.	HOXB
ENST00000239165:HOXB7	0	HOXB7	HGG-H3.3K27M-Thal.	HOXB
ENST00000239144:HOXB8	0	HOXB8	HGG-H3.3K27M-Thal.	HOXB
ENST00000311177:HOXB9	0	HOXB9	HGG-H3.3K27M-Thal.	HOXB
ENST00000290295:HOXB13	0	HOXB13	HGG-H3.3K27M-Thal.	HOXB
ENST00000392539:HOXD13	0	HOXD13	PFA-EZHIP-PF	HOXD
ENST00000406506:HOXD12	0	HOXD12	PFA-EZHIP-PF	HOXD
ENST00000249504:HOXD11	0	HOXD11	PFA-EZHIP-PF	HOXD
ENST00000249501:HOXD10	0	HOXD10	PFA-EZHIP-PF	HOXD
ENST00000249499:HOXD9	1.2650479963183545	HOXD9	PFA-EZHIP-PF	HOXD
ENST00000313173:HOXD8	12.650479963183544	HOXD8	PFA-EZHIP-PF	HOXD
ENST00000468418:HOXD3	492.10367056783986	HOXD3	PFA-EZHIP-PF	HOXD
ENST00000306324:HOXD4	280.8406551826747	HOXD4	PFA-EZHIP-PF	HOXD
ENST00000331462:HOXD1	3.795143988955063	HOXD1	PFA-EZHIP-PF	HOXD
ENST00000343060:HOXA1	29.096103915322153	HOXA1	PFA-EZHIP-PF	HOXA
ENST00000222718:HOXA2	139.78780359317815	HOXA2	PFA-EZHIP-PF	HOXA
ENST00000396352:HOXA3	173.94409949377373	HOXA3	PFA-EZHIP-PF	HOXA
ENST00000360046:HOXA4	120.81208364840285	HOXA4	PFA-EZHIP-PF	HOXA
ENST00000222726:HOXA5	19.608243942934493	HOXA5	PFA-EZHIP-PF	HOXA
ENST00000521478:HOXA6	0	HOXA6	PFA-EZHIP-PF	HOXA
ENST00000242159:HOXA7	0	HOXA7	PFA-EZHIP-PF	HOXA
ENST00000343483:HOXA9	2.530095992636709	HOXA9	PFA-EZHIP-PF	HOXA
ENST00000283921:HOXA10	0	HOXA10	PFA-EZHIP-PF	HOXA
ENST00000006015:HOXA11	0	HOXA11	PFA-EZHIP-PF	HOXA
ENST00000222753:HOXA13	0	HOXA13	PFA-EZHIP-PF	HOXA
ENST00000508190:HOXC9	0	HOXC9	PFA-EZHIP-PF	HOXC
ENST00000243056:HOXC13	0	HOXC13	PFA-EZHIP-PF	HOXC
ENST00000243103:HOXC12	0	HOXC12	PFA-EZHIP-PF	HOXC
ENST00000243082:HOXC11	0	HOXC11	PFA-EZHIP-PF	HOXC
ENST00000303460:HOXC10	0	HOXC10	PFA-EZHIP-PF	HOXC
ENST00000040584:HOXC8	0	HOXC8	PFA-EZHIP-PF	HOXC
ENST00000394331:HOXC6	0	HOXC6	PFA-EZHIP-PF	HOXC
ENST00000312492:HOXC5	6.325239981591772	HOXC5	PFA-EZHIP-PF	HOXC
ENST00000609810:HOXC4	113.22179567049272	HOXC4	PFA-EZHIP-PF	HOXC
ENST00000239174:HOXB1	0	HOXB1	PFA-EZHIP-PF	HOXB
ENST00000330070:HOXB2	354.8459629672984	HOXB2	PFA-EZHIP-PF	HOXB
ENST00000470495:HOXB3	573.0667423322145	HOXB3	PFA-EZHIP-PF	HOXB
ENST00000332503:HOXB4	449.724562691175	HOXB4	PFA-EZHIP-PF	HOXB
ENST00000239151:HOXB5	3.162619990795886	HOXB5	PFA-EZHIP-PF	HOXB
ENST00000484302:HOXB6	12.650479963183544	HOXB6	PFA-EZHIP-PF	HOXB
ENST00000239165:HOXB7	8.855335974228481	HOXB7	PFA-EZHIP-PF	HOXB
ENST00000239144:HOXB8	0	HOXB8	PFA-EZHIP-PF	HOXB
ENST00000311177:HOXB9	0.6325239981591773	HOXB9	PFA-EZHIP-PF	HOXB
ENST00000290295:HOXB13	1.2650479963183545	HOXB13	PFA-EZHIP-PF	HOXB
ENST00000392539:HOXD13	0	HOXD13	HGG-H3.3K27M-Pons	HOXD
ENST00000406506:HOXD12	0	HOXD12	HGG-H3.3K27M-Pons	HOXD
ENST00000249504:HOXD11	1.1908687634167103	HOXD11	HGG-H3.3K27M-Pons	HOXD
ENST00000249501:HOXD10	14.885859542708879	HOXD10	HGG-H3.3K27M-Pons	HOXD
ENST00000249499:HOXD9	68.47495389646085	HOXD9	HGG-H3.3K27M-Pons	HOXD
ENST00000313173:HOXD8	213.46322584244533	HOXD8	HGG-H3.3K27M-Pons	HOXD
ENST00000468418:HOXD3	1258.4505657406087	HOXD3	HGG-H3.3K27M-Pons	HOXD
ENST00000306324:HOXD4	569.8307032948959	HOXD4	HGG-H3.3K27M-Pons	HOXD
ENST00000331462:HOXD1	114.62111847885836	HOXD1	HGG-H3.3K27M-Pons	HOXD
ENST00000343060:HOXA1	32.748890993959535	HOXA1	HGG-H3.3K27M-Pons	HOXA
ENST00000222718:HOXA2	153.02663609904727	HOXA2	HGG-H3.3K27M-Pons	HOXA
ENST00000396352:HOXA3	253.95276379861346	HOXA3	HGG-H3.3K27M-Pons	HOXA
ENST00000360046:HOXA4	68.77267108731502	HOXA4	HGG-H3.3K27M-Pons	HOXA
ENST00000222726:HOXA5	6.549778198791906	HOXA5	HGG-H3.3K27M-Pons	HOXA
ENST00000521478:HOXA6	0	HOXA6	HGG-H3.3K27M-Pons	HOXA
ENST00000242159:HOXA7	1.1908687634167103	HOXA7	HGG-H3.3K27M-Pons	HOXA
ENST00000343483:HOXA9	0	HOXA9	HGG-H3.3K27M-Pons	HOXA
ENST00000283921:HOXA10	0	HOXA10	HGG-H3.3K27M-Pons	HOXA
ENST00000006015:HOXA11	0.5954343817083552	HOXA11	HGG-H3.3K27M-Pons	HOXA
ENST00000222753:HOXA13	0	HOXA13	HGG-H3.3K27M-Pons	HOXA
ENST00000508190:HOXC9	0	HOXC9	HGG-H3.3K27M-Pons	HOXC
ENST00000243056:HOXC13	0	HOXC13	HGG-H3.3K27M-Pons	HOXC
ENST00000243103:HOXC12	0	HOXC12	HGG-H3.3K27M-Pons	HOXC
ENST00000243082:HOXC11	0	HOXC11	HGG-H3.3K27M-Pons	HOXC
ENST00000303460:HOXC10	0	HOXC10	HGG-H3.3K27M-Pons	HOXC
ENST00000040584:HOXC8	0	HOXC8	HGG-H3.3K27M-Pons	HOXC
ENST00000394331:HOXC6	0	HOXC6	HGG-H3.3K27M-Pons	HOXC
ENST00000312492:HOXC5	0	HOXC5	HGG-H3.3K27M-Pons	HOXC
ENST00000609810:HOXC4	2.977171908541776	HOXC4	HGG-H3.3K27M-Pons	HOXC
ENST00000239174:HOXB1	0	HOXB1	HGG-H3.3K27M-Pons	HOXB
ENST00000330070:HOXB2	35.13062852079295	HOXB2	HGG-H3.3K27M-Pons	HOXB
ENST00000470495:HOXB3	13.992707970146345	HOXB3	HGG-H3.3K27M-Pons	HOXB
ENST00000332503:HOXB4	9.82466729818786	HOXB4	HGG-H3.3K27M-Pons	HOXB
ENST00000239151:HOXB5	0.5954343817083552	HOXB5	HGG-H3.3K27M-Pons	HOXB
ENST00000484302:HOXB6	0.5954343817083552	HOXB6	HGG-H3.3K27M-Pons	HOXB
ENST00000239165:HOXB7	2.3817375268334207	HOXB7	HGG-H3.3K27M-Pons	HOXB
ENST00000239144:HOXB8	0	HOXB8	HGG-H3.3K27M-Pons	HOXB
ENST00000311177:HOXB9	0	HOXB9	HGG-H3.3K27M-Pons	HOXB
ENST00000290295:HOXB13	0	HOXB13	HGG-H3.3K27M-Pons	HOXB
ENST00000392539:HOXD13	0	HOXD13	HGG-H3.1/2K27M-Pons	HOXD
ENST00000406506:HOXD12	0	HOXD12	HGG-H3.1/2K27M-Pons	HOXD
ENST00000249504:HOXD11	3.02987021140034	HOXD11	HGG-H3.1/2K27M-Pons	HOXD
ENST00000249501:HOXD10	0	HOXD10	HGG-H3.1/2K27M-Pons	HOXD
ENST00000249499:HOXD9	7.57467552850085	HOXD9	HGG-H3.1/2K27M-Pons	HOXD
ENST00000313173:HOXD8	343.8902689939386	HOXD8	HGG-H3.1/2K27M-Pons	HOXD
ENST00000468418:HOXD3	481.7493636126541	HOXD3	HGG-H3.1/2K27M-Pons	HOXD
ENST00000306324:HOXD4	201.48636905812262	HOXD4	HGG-H3.1/2K27M-Pons	HOXD
ENST00000331462:HOXD1	48.47792338240544	HOXD1	HGG-H3.1/2K27M-Pons	HOXD
ENST00000343060:HOXA1	15.1493510570017	HOXA1	HGG-H3.1/2K27M-Pons	HOXA
ENST00000222718:HOXA2	267.38604615608006	HOXA2	HGG-H3.1/2K27M-Pons	HOXA
ENST00000396352:HOXA3	188.60942065967117	HOXA3	HGG-H3.1/2K27M-Pons	HOXA
ENST00000360046:HOXA4	143.91883504151616	HOXA4	HGG-H3.1/2K27M-Pons	HOXA
ENST00000222726:HOXA5	24.23896169120272	HOXA5	HGG-H3.1/2K27M-Pons	HOXA
ENST00000521478:HOXA6	0	HOXA6	HGG-H3.1/2K27M-Pons	HOXA
ENST00000242159:HOXA7	0	HOXA7	HGG-H3.1/2K27M-Pons	HOXA
ENST00000343483:HOXA9	0	HOXA9	HGG-H3.1/2K27M-Pons	HOXA
ENST00000283921:HOXA10	0	HOXA10	HGG-H3.1/2K27M-Pons	HOXA
ENST00000006015:HOXA11	0	HOXA11	HGG-H3.1/2K27M-Pons	HOXA
ENST00000222753:HOXA13	9.089610634201021	HOXA13	HGG-H3.1/2K27M-Pons	HOXA
ENST00000508190:HOXC9	0	HOXC9	HGG-H3.1/2K27M-Pons	HOXC
ENST00000243056:HOXC13	0	HOXC13	HGG-H3.1/2K27M-Pons	HOXC
ENST00000243103:HOXC12	0	HOXC12	HGG-H3.1/2K27M-Pons	HOXC
ENST00000243082:HOXC11	0	HOXC11	HGG-H3.1/2K27M-Pons	HOXC
ENST00000303460:HOXC10	24.23896169120272	HOXC10	HGG-H3.1/2K27M-Pons	HOXC
ENST00000040584:HOXC8	1.51493510570017	HOXC8	HGG-H3.1/2K27M-Pons	HOXC
ENST00000394331:HOXC6	3.02987021140034	HOXC6	HGG-H3.1/2K27M-Pons	HOXC
ENST00000312492:HOXC5	1.51493510570017	HOXC5	HGG-H3.1/2K27M-Pons	HOXC
ENST00000609810:HOXC4	237.8448115949267	HOXC4	HGG-H3.1/2K27M-Pons	HOXC
ENST00000239174:HOXB1	0	HOXB1	HGG-H3.1/2K27M-Pons	HOXB
ENST00000330070:HOXB2	767.3146310371362	HOXB2	HGG-H3.1/2K27M-Pons	HOXB
ENST00000470495:HOXB3	737.0159289231327	HOXB3	HGG-H3.1/2K27M-Pons	HOXB
ENST00000332503:HOXB4	183.30714778972057	HOXB4	HGG-H3.1/2K27M-Pons	HOXB
ENST00000239151:HOXB5	15.1493510570017	HOXB5	HGG-H3.1/2K27M-Pons	HOXB
ENST00000484302:HOXB6	9.089610634201021	HOXB6	HGG-H3.1/2K27M-Pons	HOXB
ENST00000239165:HOXB7	3.02987021140034	HOXB7	HGG-H3.1/2K27M-Pons	HOXB
ENST00000239144:HOXB8	0	HOXB8	HGG-H3.1/2K27M-Pons	HOXB
ENST00000311177:HOXB9	0	HOXB9	HGG-H3.1/2K27M-Pons	HOXB
ENST00000290295:HOXB13	0	HOXB13	HGG-H3.1/2K27M-Pons	HOXB
ENST00000392539:HOXD13	0	HOXD13	HGG-H3.1/2K27M-Pons	HOXD
ENST00000406506:HOXD12	0	HOXD12	HGG-H3.1/2K27M-Pons	HOXD
ENST00000249504:HOXD11	0	HOXD11	HGG-H3.1/2K27M-Pons	HOXD
ENST00000249501:HOXD10	0	HOXD10	HGG-H3.1/2K27M-Pons	HOXD
ENST00000249499:HOXD9	1.9978361258584176	HOXD9	HGG-H3.1/2K27M-Pons	HOXD
ENST00000313173:HOXD8	44.61834014417133	HOXD8	HGG-H3.1/2K27M-Pons	HOXD
ENST00000468418:HOXD3	175.1436337002546	HOXD3	HGG-H3.1/2K27M-Pons	HOXD
ENST00000306324:HOXD4	74.58588203204759	HOXD4	HGG-H3.1/2K27M-Pons	HOXD
ENST00000331462:HOXD1	11.987016755150506	HOXD1	HGG-H3.1/2K27M-Pons	HOXD
ENST00000343060:HOXA1	21.310252009156454	HOXA1	HGG-H3.1/2K27M-Pons	HOXA
ENST00000222718:HOXA2	93.89829791534564	HOXA2	HGG-H3.1/2K27M-Pons	HOXA
ENST00000396352:HOXA3	85.24100803662581	HOXA3	HGG-H3.1/2K27M-Pons	HOXA
ENST00000360046:HOXA4	14.650798256295063	HOXA4	HGG-H3.1/2K27M-Pons	HOXA
ENST00000222726:HOXA5	18.646470508011898	HOXA5	HGG-H3.1/2K27M-Pons	HOXA
ENST00000521478:HOXA6	0	HOXA6	HGG-H3.1/2K27M-Pons	HOXA
ENST00000242159:HOXA7	0	HOXA7	HGG-H3.1/2K27M-Pons	HOXA
ENST00000343483:HOXA9	0	HOXA9	HGG-H3.1/2K27M-Pons	HOXA
ENST00000283921:HOXA10	0	HOXA10	HGG-H3.1/2K27M-Pons	HOXA
ENST00000006015:HOXA11	0	HOXA11	HGG-H3.1/2K27M-Pons	HOXA
ENST00000222753:HOXA13	1.3318907505722783	HOXA13	HGG-H3.1/2K27M-Pons	HOXA
ENST00000508190:HOXC9	0	HOXC9	HGG-H3.1/2K27M-Pons	HOXC
ENST00000243056:HOXC13	0	HOXC13	HGG-H3.1/2K27M-Pons	HOXC
ENST00000243103:HOXC12	0	HOXC12	HGG-H3.1/2K27M-Pons	HOXC
ENST00000243082:HOXC11	1.3318907505722783	HOXC11	HGG-H3.1/2K27M-Pons	HOXC
ENST00000303460:HOXC10	0	HOXC10	HGG-H3.1/2K27M-Pons	HOXC
ENST00000040584:HOXC8	0	HOXC8	HGG-H3.1/2K27M-Pons	HOXC
ENST00000394331:HOXC6	2.6637815011445567	HOXC6	HGG-H3.1/2K27M-Pons	HOXC
ENST00000312492:HOXC5	5.327563002289113	HOXC5	HGG-H3.1/2K27M-Pons	HOXC
ENST00000609810:HOXC4	20.644306633870315	HOXC4	HGG-H3.1/2K27M-Pons	HOXC
ENST00000239174:HOXB1	0	HOXB1	HGG-H3.1/2K27M-Pons	HOXB
ENST00000330070:HOXB2	246.39978885587152	HOXB2	HGG-H3.1/2K27M-Pons	HOXB
ENST00000470495:HOXB3	151.1696001899536	HOXB3	HGG-H3.1/2K27M-Pons	HOXB
ENST00000332503:HOXB4	11.987016755150506	HOXB4	HGG-H3.1/2K27M-Pons	HOXB
ENST00000239151:HOXB5	15.982689006867341	HOXB5	HGG-H3.1/2K27M-Pons	HOXB
ENST00000484302:HOXB6	1.3318907505722783	HOXB6	HGG-H3.1/2K27M-Pons	HOXB
ENST00000239165:HOXB7	0	HOXB7	HGG-H3.1/2K27M-Pons	HOXB
ENST00000239144:HOXB8	0	HOXB8	HGG-H3.1/2K27M-Pons	HOXB
ENST00000311177:HOXB9	2.6637815011445567	HOXB9	HGG-H3.1/2K27M-Pons	HOXB
ENST00000290295:HOXB13	0	HOXB13	HGG-H3.1/2K27M-Pons	HOXB
ENST00000392539:HOXD13	0	HOXD13	HGG-H3.3K27M-Pons	HOXD
ENST00000406506:HOXD12	0	HOXD12	HGG-H3.3K27M-Pons	HOXD
ENST00000249504:HOXD11	0	HOXD11	HGG-H3.3K27M-Pons	HOXD
ENST00000249501:HOXD10	0	HOXD10	HGG-H3.3K27M-Pons	HOXD
ENST00000249499:HOXD9	0	HOXD9	HGG-H3.3K27M-Pons	HOXD
ENST00000313173:HOXD8	123.57784035559327	HOXD8	HGG-H3.3K27M-Pons	HOXD
ENST00000468418:HOXD3	577.3114034522491	HOXD3	HGG-H3.3K27M-Pons	HOXD
ENST00000306324:HOXD4	213.03344121001527	HOXD4	HGG-H3.3K27M-Pons	HOXD
ENST00000331462:HOXD1	111.58894539572228	HOXD1	HGG-H3.3K27M-Pons	HOXD
ENST00000343060:HOXA1	47.95557983948395	HOXA1	HGG-H3.3K27M-Pons	HOXA
ENST00000222718:HOXA2	1354.7451304654217	HOXA2	HGG-H3.3K27M-Pons	HOXA
ENST00000396352:HOXA3	825.3893068526565	HOXA3	HGG-H3.3K27M-Pons	HOXA
ENST00000360046:HOXA4	411.311319392497	HOXA4	HGG-H3.3K27M-Pons	HOXA
ENST00000222726:HOXA5	618.8114244671872	HOXA5	HGG-H3.3K27M-Pons	HOXA
ENST00000521478:HOXA6	197.35565549326088	HOXA6	HGG-H3.3K27M-Pons	HOXA
ENST00000242159:HOXA7	245.31123533274484	HOXA7	HGG-H3.3K27M-Pons	HOXA
ENST00000343483:HOXA9	343.9890630793753	HOXA9	HGG-H3.3K27M-Pons	HOXA
ENST00000283921:HOXA10	13.833340338312679	HOXA10	HGG-H3.3K27M-Pons	HOXA
ENST00000006015:HOXA11	0	HOXA11	HGG-H3.3K27M-Pons	HOXA
ENST00000222753:HOXA13	0	HOXA13	HGG-H3.3K27M-Pons	HOXA
ENST00000508190:HOXC9	0	HOXC9	HGG-H3.3K27M-Pons	HOXC
ENST00000243056:HOXC13	0	HOXC13	HGG-H3.3K27M-Pons	HOXC
ENST00000243103:HOXC12	0	HOXC12	HGG-H3.3K27M-Pons	HOXC
ENST00000243082:HOXC11	0	HOXC11	HGG-H3.3K27M-Pons	HOXC
ENST00000303460:HOXC10	0	HOXC10	HGG-H3.3K27M-Pons	HOXC
ENST00000040584:HOXC8	0	HOXC8	HGG-H3.3K27M-Pons	HOXC
ENST00000394331:HOXC6	5.533336135325071	HOXC6	HGG-H3.3K27M-Pons	HOXC
ENST00000312492:HOXC5	1.8444453784416905	HOXC5	HGG-H3.3K27M-Pons	HOXC
ENST00000609810:HOXC4	443.5891135152266	HOXC4	HGG-H3.3K27M-Pons	HOXC
ENST00000239174:HOXB1	0	HOXB1	HGG-H3.3K27M-Pons	HOXB
ENST00000330070:HOXB2	373.50018913444234	HOXB2	HGG-H3.3K27M-Pons	HOXB
ENST00000470495:HOXB3	241.62234457586146	HOXB3	HGG-H3.3K27M-Pons	HOXB
ENST00000332503:HOXB4	5.533336135325071	HOXB4	HGG-H3.3K27M-Pons	HOXB
ENST00000239151:HOXB5	0	HOXB5	HGG-H3.3K27M-Pons	HOXB
ENST00000484302:HOXB6	0.9222226892208453	HOXB6	HGG-H3.3K27M-Pons	HOXB
ENST00000239165:HOXB7	2.7666680676625357	HOXB7	HGG-H3.3K27M-Pons	HOXB
ENST00000239144:HOXB8	1.8444453784416905	HOXB8	HGG-H3.3K27M-Pons	HOXB
ENST00000311177:HOXB9	0	HOXB9	HGG-H3.3K27M-Pons	HOXB
ENST00000290295:HOXB13	0	HOXB13	HGG-H3.3K27M-Pons	HOXB
ENST00000392539:HOXD13	0	HOXD13	HGG-H3.1/2K27M-Pons	HOXD
ENST00000406506:HOXD12	0	HOXD12	HGG-H3.1/2K27M-Pons	HOXD
ENST00000249504:HOXD11	0	HOXD11	HGG-H3.1/2K27M-Pons	HOXD
ENST00000249501:HOXD10	11.46827384934991	HOXD10	HGG-H3.1/2K27M-Pons	HOXD
ENST00000249499:HOXD9	191.13789748916517	HOXD9	HGG-H3.1/2K27M-Pons	HOXD
ENST00000313173:HOXD8	198.7834133887318	HOXD8	HGG-H3.1/2K27M-Pons	HOXD
ENST00000468418:HOXD3	1135.3591110856412	HOXD3	HGG-H3.1/2K27M-Pons	HOXD
ENST00000306324:HOXD4	428.14889037573	HOXD4	HGG-H3.1/2K27M-Pons	HOXD
ENST00000331462:HOXD1	30.582063598266426	HOXD1	HGG-H3.1/2K27M-Pons	HOXD
ENST00000343060:HOXA1	42.050337447616336	HOXA1	HGG-H3.1/2K27M-Pons	HOXA
ENST00000222718:HOXA2	351.6937313800639	HOXA2	HGG-H3.1/2K27M-Pons	HOXA
ENST00000396352:HOXA3	263.7702985350479	HOXA3	HGG-H3.1/2K27M-Pons	HOXA
ENST00000360046:HOXA4	42.050337447616336	HOXA4	HGG-H3.1/2K27M-Pons	HOXA
ENST00000222726:HOXA5	145.26480209176552	HOXA5	HGG-H3.1/2K27M-Pons	HOXA
ENST00000521478:HOXA6	141.44204414198222	HOXA6	HGG-H3.1/2K27M-Pons	HOXA
ENST00000242159:HOXA7	91.74619079479928	HOXA7	HGG-H3.1/2K27M-Pons	HOXA
ENST00000343483:HOXA9	613.5526509402202	HOXA9	HGG-H3.1/2K27M-Pons	HOXA
ENST00000283921:HOXA10	651.7802304380532	HOXA10	HGG-H3.1/2K27M-Pons	HOXA
ENST00000006015:HOXA11	309.64339393244757	HOXA11	HGG-H3.1/2K27M-Pons	HOXA
ENST00000222753:HOXA13	399.4782057523552	HOXA13	HGG-H3.1/2K27M-Pons	HOXA
ENST00000508190:HOXC9	0	HOXC9	HGG-H3.1/2K27M-Pons	HOXC
ENST00000243056:HOXC13	0	HOXC13	HGG-H3.1/2K27M-Pons	HOXC
ENST00000243103:HOXC12	0	HOXC12	HGG-H3.1/2K27M-Pons	HOXC
ENST00000243082:HOXC11	0	HOXC11	HGG-H3.1/2K27M-Pons	HOXC
ENST00000303460:HOXC10	0	HOXC10	HGG-H3.1/2K27M-Pons	HOXC
ENST00000040584:HOXC8	0	HOXC8	HGG-H3.1/2K27M-Pons	HOXC
ENST00000394331:HOXC6	3.8227579497833033	HOXC6	HGG-H3.1/2K27M-Pons	HOXC
ENST00000312492:HOXC5	0	HOXC5	HGG-H3.1/2K27M-Pons	HOXC
ENST00000609810:HOXC4	26.759305648483124	HOXC4	HGG-H3.1/2K27M-Pons	HOXC
ENST00000239174:HOXB1	0	HOXB1	HGG-H3.1/2K27M-Pons	HOXB
ENST00000330070:HOXB2	579.1478293921705	HOXB2	HGG-H3.1/2K27M-Pons	HOXB
ENST00000470495:HOXB3	191.13789748916517	HOXB3	HGG-H3.1/2K27M-Pons	HOXB
ENST00000332503:HOXB4	11.46827384934991	HOXB4	HGG-H3.1/2K27M-Pons	HOXB
ENST00000239151:HOXB5	0	HOXB5	HGG-H3.1/2K27M-Pons	HOXB
ENST00000484302:HOXB6	0	HOXB6	HGG-H3.1/2K27M-Pons	HOXB
ENST00000239165:HOXB7	11.46827384934991	HOXB7	HGG-H3.1/2K27M-Pons	HOXB
ENST00000239144:HOXB8	0	HOXB8	HGG-H3.1/2K27M-Pons	HOXB
ENST00000311177:HOXB9	0	HOXB9	HGG-H3.1/2K27M-Pons	HOXB
ENST00000290295:HOXB13	0	HOXB13	HGG-H3.1/2K27M-Pons	HOXB
ENST00000392539:HOXD13	0	HOXD13	HGG-H3.3K27M-Pons	HOXD
ENST00000406506:HOXD12	0	HOXD12	HGG-H3.3K27M-Pons	HOXD
ENST00000249504:HOXD11	0	HOXD11	HGG-H3.3K27M-Pons	HOXD
ENST00000249501:HOXD10	0	HOXD10	HGG-H3.3K27M-Pons	HOXD
ENST00000249499:HOXD9	0	HOXD9	HGG-H3.3K27M-Pons	HOXD
ENST00000313173:HOXD8	1.206734800265135	HOXD8	HGG-H3.3K27M-Pons	HOXD
ENST00000468418:HOXD3	276.34226926071597	HOXD3	HGG-H3.3K27M-Pons	HOXD
ENST00000306324:HOXD4	87.48827301922229	HOXD4	HGG-H3.3K27M-Pons	HOXD
ENST00000331462:HOXD1	60.94010741338932	HOXD1	HGG-H3.3K27M-Pons	HOXD
ENST00000343060:HOXA1	7.240408801590811	HOXA1	HGG-H3.3K27M-Pons	HOXA
ENST00000222718:HOXA2	10.257245802253648	HOXA2	HGG-H3.3K27M-Pons	HOXA
ENST00000396352:HOXA3	29.56500260649581	HOXA3	HGG-H3.3K27M-Pons	HOXA
ENST00000360046:HOXA4	51.88959641140081	HOXA4	HGG-H3.3K27M-Pons	HOXA
ENST00000222726:HOXA5	55.50980081219622	HOXA5	HGG-H3.3K27M-Pons	HOXA
ENST00000521478:HOXA6	5.430306601193108	HOXA6	HGG-H3.3K27M-Pons	HOXA
ENST00000242159:HOXA7	0	HOXA7	HGG-H3.3K27M-Pons	HOXA
ENST00000343483:HOXA9	1.206734800265135	HOXA9	HGG-H3.3K27M-Pons	HOXA
ENST00000283921:HOXA10	0	HOXA10	HGG-H3.3K27M-Pons	HOXA
ENST00000006015:HOXA11	0	HOXA11	HGG-H3.3K27M-Pons	HOXA
ENST00000222753:HOXA13	0	HOXA13	HGG-H3.3K27M-Pons	HOXA
ENST00000508190:HOXC9	0	HOXC9	HGG-H3.3K27M-Pons	HOXC
ENST00000243056:HOXC13	0	HOXC13	HGG-H3.3K27M-Pons	HOXC
ENST00000243103:HOXC12	0	HOXC12	HGG-H3.3K27M-Pons	HOXC
ENST00000243082:HOXC11	0	HOXC11	HGG-H3.3K27M-Pons	HOXC
ENST00000303460:HOXC10	0	HOXC10	HGG-H3.3K27M-Pons	HOXC
ENST00000040584:HOXC8	0	HOXC8	HGG-H3.3K27M-Pons	HOXC
ENST00000394331:HOXC6	13.274082802916487	HOXC6	HGG-H3.3K27M-Pons	HOXC
ENST00000312492:HOXC5	18.101022003977025	HOXC5	HGG-H3.3K27M-Pons	HOXC
ENST00000609810:HOXC4	124.89705182744149	HOXC4	HGG-H3.3K27M-Pons	HOXC
ENST00000239174:HOXB1	0	HOXB1	HGG-H3.3K27M-Pons	HOXB
ENST00000330070:HOXB2	125.50041922757406	HOXB2	HGG-H3.3K27M-Pons	HOXB
ENST00000470495:HOXB3	97.14215142134337	HOXB3	HGG-H3.3K27M-Pons	HOXB
ENST00000332503:HOXB4	4.82693920106054	HOXB4	HGG-H3.3K27M-Pons	HOXB
ENST00000239151:HOXB5	26.548165605832974	HOXB5	HGG-H3.3K27M-Pons	HOXB
ENST00000484302:HOXB6	0	HOXB6	HGG-H3.3K27M-Pons	HOXB
ENST00000239165:HOXB7	0	HOXB7	HGG-H3.3K27M-Pons	HOXB
ENST00000239144:HOXB8	0	HOXB8	HGG-H3.3K27M-Pons	HOXB
ENST00000311177:HOXB9	0	HOXB9	HGG-H3.3K27M-Pons	HOXB
ENST00000290295:HOXB13	0	HOXB13	HGG-H3.3K27M-Pons	HOXB
ENST00000392539:HOXD13	0	HOXD13	HGG-H3.1/2K27M-Pons	HOXD
ENST00000406506:HOXD12	0	HOXD12	HGG-H3.1/2K27M-Pons	HOXD
ENST00000249504:HOXD11	0	HOXD11	HGG-H3.1/2K27M-Pons	HOXD
ENST00000249501:HOXD10	6.484167722330062	HOXD10	HGG-H3.1/2K27M-Pons	HOXD
ENST00000249499:HOXD9	18.155669622524172	HOXD9	HGG-H3.1/2K27M-Pons	HOXD
ENST00000313173:HOXD8	316.42738484970704	HOXD8	HGG-H3.1/2K27M-Pons	HOXD
ENST00000468418:HOXD3	365.0586427671825	HOXD3	HGG-H3.1/2K27M-Pons	HOXD
ENST00000306324:HOXD4	198.4155323032999	HOXD4	HGG-H3.1/2K27M-Pons	HOXD
ENST00000331462:HOXD1	51.873341778640494	HOXD1	HGG-H3.1/2K27M-Pons	HOXD
ENST00000343060:HOXA1	18.155669622524172	HOXA1	HGG-H3.1/2K27M-Pons	HOXA
ENST00000222718:HOXA2	167.2915272361156	HOXA2	HGG-H3.1/2K27M-Pons	HOXA
ENST00000396352:HOXA3	151.72952470252346	HOXA3	HGG-H3.1/2K27M-Pons	HOXA
ENST00000360046:HOXA4	25.936670889320247	HOXA4	HGG-H3.1/2K27M-Pons	HOXA
ENST00000222726:HOXA5	5.18733417786405	HOXA5	HGG-H3.1/2K27M-Pons	HOXA
ENST00000521478:HOXA6	0	HOXA6	HGG-H3.1/2K27M-Pons	HOXA
ENST00000242159:HOXA7	2.593667088932025	HOXA7	HGG-H3.1/2K27M-Pons	HOXA
ENST00000343483:HOXA9	0	HOXA9	HGG-H3.1/2K27M-Pons	HOXA
ENST00000283921:HOXA10	0	HOXA10	HGG-H3.1/2K27M-Pons	HOXA
ENST00000006015:HOXA11	0	HOXA11	HGG-H3.1/2K27M-Pons	HOXA
ENST00000222753:HOXA13	0	HOXA13	HGG-H3.1/2K27M-Pons	HOXA
ENST00000508190:HOXC9	0	HOXC9	HGG-H3.1/2K27M-Pons	HOXC
ENST00000243056:HOXC13	0	HOXC13	HGG-H3.1/2K27M-Pons	HOXC
ENST00000243103:HOXC12	0	HOXC12	HGG-H3.1/2K27M-Pons	HOXC
ENST00000243082:HOXC11	0	HOXC11	HGG-H3.1/2K27M-Pons	HOXC
ENST00000303460:HOXC10	0	HOXC10	HGG-H3.1/2K27M-Pons	HOXC
ENST00000040584:HOXC8	0	HOXC8	HGG-H3.1/2K27M-Pons	HOXC
ENST00000394331:HOXC6	0	HOXC6	HGG-H3.1/2K27M-Pons	HOXC
ENST00000312492:HOXC5	1.2968335444660124	HOXC5	HGG-H3.1/2K27M-Pons	HOXC
ENST00000609810:HOXC4	52.5217585508735	HOXC4	HGG-H3.1/2K27M-Pons	HOXC
ENST00000239174:HOXB1	0	HOXB1	HGG-H3.1/2K27M-Pons	HOXB
ENST00000330070:HOXB2	250.2888740819404	HOXB2	HGG-H3.1/2K27M-Pons	HOXB
ENST00000470495:HOXB3	315.130551305241	HOXB3	HGG-H3.1/2K27M-Pons	HOXB
ENST00000332503:HOXB4	20.7493367114562	HOXB4	HGG-H3.1/2K27M-Pons	HOXB
ENST00000239151:HOXB5	1.2968335444660124	HOXB5	HGG-H3.1/2K27M-Pons	HOXB
ENST00000484302:HOXB6	5.835750950097056	HOXB6	HGG-H3.1/2K27M-Pons	HOXB
ENST00000239165:HOXB7	10.3746683557281	HOXB7	HGG-H3.1/2K27M-Pons	HOXB
ENST00000239144:HOXB8	0	HOXB8	HGG-H3.1/2K27M-Pons	HOXB
ENST00000311177:HOXB9	0	HOXB9	HGG-H3.1/2K27M-Pons	HOXB
ENST00000290295:HOXB13	0	HOXB13	HGG-H3.1/2K27M-Pons	HOXB
ENST00000392539:HOXD13	0	HOXD13	HGG-H3.3K27M-Pons	HOXD
ENST00000406506:HOXD12	0	HOXD12	HGG-H3.3K27M-Pons	HOXD
ENST00000249504:HOXD11	1.1684884579893815	HOXD11	HGG-H3.3K27M-Pons	HOXD
ENST00000249501:HOXD10	23.95401338878232	HOXD10	HGG-H3.3K27M-Pons	HOXD
ENST00000249499:HOXD9	28.043722991745156	HOXD9	HGG-H3.3K27M-Pons	HOXD
ENST00000313173:HOXD8	15.19034995386196	HOXD8	HGG-H3.3K27M-Pons	HOXD
ENST00000468418:HOXD3	33.301921052697374	HOXD3	HGG-H3.3K27M-Pons	HOXD
ENST00000306324:HOXD4	12.269128808888507	HOXD4	HGG-H3.3K27M-Pons	HOXD
ENST00000331462:HOXD1	3.5054653739681445	HOXD1	HGG-H3.3K27M-Pons	HOXD
ENST00000343060:HOXA1	8.17941920592567	HOXA1	HGG-H3.3K27M-Pons	HOXA
ENST00000222718:HOXA2	580.154519391728	HOXA2	HGG-H3.3K27M-Pons	HOXA
ENST00000396352:HOXA3	141.97134764570987	HOXA3	HGG-H3.3K27M-Pons	HOXA
ENST00000360046:HOXA4	3.5054653739681445	HOXA4	HGG-H3.3K27M-Pons	HOXA
ENST00000222726:HOXA5	2.336976915978763	HOXA5	HGG-H3.3K27M-Pons	HOXA
ENST00000521478:HOXA6	0	HOXA6	HGG-H3.3K27M-Pons	HOXA
ENST00000242159:HOXA7	4.673953831957526	HOXA7	HGG-H3.3K27M-Pons	HOXA
ENST00000343483:HOXA9	12.853373037883197	HOXA9	HGG-H3.3K27M-Pons	HOXA
ENST00000283921:HOXA10	9.347907663915052	HOXA10	HGG-H3.3K27M-Pons	HOXA
ENST00000006015:HOXA11	1.1684884579893815	HOXA11	HGG-H3.3K27M-Pons	HOXA
ENST00000222753:HOXA13	3.5054653739681445	HOXA13	HGG-H3.3K27M-Pons	HOXA
ENST00000508190:HOXC9	0	HOXC9	HGG-H3.3K27M-Pons	HOXC
ENST00000243056:HOXC13	0	HOXC13	HGG-H3.3K27M-Pons	HOXC
ENST00000243103:HOXC12	0	HOXC12	HGG-H3.3K27M-Pons	HOXC
ENST00000243082:HOXC11	0	HOXC11	HGG-H3.3K27M-Pons	HOXC
ENST00000303460:HOXC10	0	HOXC10	HGG-H3.3K27M-Pons	HOXC
ENST00000040584:HOXC8	0	HOXC8	HGG-H3.3K27M-Pons	HOXC
ENST00000394331:HOXC6	0	HOXC6	HGG-H3.3K27M-Pons	HOXC
ENST00000312492:HOXC5	1.1684884579893815	HOXC5	HGG-H3.3K27M-Pons	HOXC
ENST00000609810:HOXC4	10.516396121904434	HOXC4	HGG-H3.3K27M-Pons	HOXC
ENST00000239174:HOXB1	1.1684884579893815	HOXB1	HGG-H3.3K27M-Pons	HOXB
ENST00000330070:HOXB2	314.32339519914365	HOXB2	HGG-H3.3K27M-Pons	HOXB
ENST00000470495:HOXB3	136.12890535576295	HOXB3	HGG-H3.3K27M-Pons	HOXB
ENST00000332503:HOXB4	10.516396121904434	HOXB4	HGG-H3.3K27M-Pons	HOXB
ENST00000239151:HOXB5	1.1684884579893815	HOXB5	HGG-H3.3K27M-Pons	HOXB
ENST00000484302:HOXB6	2.9212211449734538	HOXB6	HGG-H3.3K27M-Pons	HOXB
ENST00000239165:HOXB7	12.853373037883197	HOXB7	HGG-H3.3K27M-Pons	HOXB
ENST00000239144:HOXB8	1.1684884579893815	HOXB8	HGG-H3.3K27M-Pons	HOXB
ENST00000311177:HOXB9	0	HOXB9	HGG-H3.3K27M-Pons	HOXB
ENST00000290295:HOXB13	0	HOXB13	HGG-H3.3K27M-Pons	HOXB
ENST00000392539:HOXD13	2.137087865809907	HOXD13	HGG-H3.1/2K27M-Pons	HOXD
ENST00000406506:HOXD12	0	HOXD12	HGG-H3.1/2K27M-Pons	HOXD
ENST00000249504:HOXD11	2.137087865809907	HOXD11	HGG-H3.1/2K27M-Pons	HOXD
ENST00000249501:HOXD10	10.685439329049535	HOXD10	HGG-H3.1/2K27M-Pons	HOXD
ENST00000249499:HOXD9	114.33420082083003	HOXD9	HGG-H3.1/2K27M-Pons	HOXD
ENST00000313173:HOXD8	525.7236149892371	HOXD8	HGG-H3.1/2K27M-Pons	HOXD
ENST00000468418:HOXD3	1454.2882926836419	HOXD3	HGG-H3.1/2K27M-Pons	HOXD
ENST00000306324:HOXD4	505.42128026404305	HOXD4	HGG-H3.1/2K27M-Pons	HOXD
ENST00000331462:HOXD1	586.6306191648196	HOXD1	HGG-H3.1/2K27M-Pons	HOXD
ENST00000343060:HOXA1	25.645054389718887	HOXA1	HGG-H3.1/2K27M-Pons	HOXA
ENST00000222718:HOXA2	241.49092883651952	HOXA2	HGG-H3.1/2K27M-Pons	HOXA
ENST00000396352:HOXA3	677.4568534617406	HOXA3	HGG-H3.1/2K27M-Pons	HOXA
ENST00000360046:HOXA4	92.96332216273096	HOXA4	HGG-H3.1/2K27M-Pons	HOXA
ENST00000222726:HOXA5	8.548351463239628	HOXA5	HGG-H3.1/2K27M-Pons	HOXA
ENST00000521478:HOXA6	0	HOXA6	HGG-H3.1/2K27M-Pons	HOXA
ENST00000242159:HOXA7	0	HOXA7	HGG-H3.1/2K27M-Pons	HOXA
ENST00000343483:HOXA9	6.411263597429722	HOXA9	HGG-H3.1/2K27M-Pons	HOXA
ENST00000283921:HOXA10	0	HOXA10	HGG-H3.1/2K27M-Pons	HOXA
ENST00000006015:HOXA11	0	HOXA11	HGG-H3.1/2K27M-Pons	HOXA
ENST00000222753:HOXA13	0	HOXA13	HGG-H3.1/2K27M-Pons	HOXA
ENST00000508190:HOXC9	0	HOXC9	HGG-H3.1/2K27M-Pons	HOXC
ENST00000243056:HOXC13	0	HOXC13	HGG-H3.1/2K27M-Pons	HOXC
ENST00000243103:HOXC12	0	HOXC12	HGG-H3.1/2K27M-Pons	HOXC
ENST00000243082:HOXC11	0	HOXC11	HGG-H3.1/2K27M-Pons	HOXC
ENST00000303460:HOXC10	2.137087865809907	HOXC10	HGG-H3.1/2K27M-Pons	HOXC
ENST00000040584:HOXC8	0	HOXC8	HGG-H3.1/2K27M-Pons	HOXC
ENST00000394331:HOXC6	2.137087865809907	HOXC6	HGG-H3.1/2K27M-Pons	HOXC
ENST00000312492:HOXC5	2.137087865809907	HOXC5	HGG-H3.1/2K27M-Pons	HOXC
ENST00000609810:HOXC4	40.604669450388236	HOXC4	HGG-H3.1/2K27M-Pons	HOXC
ENST00000239174:HOXB1	0	HOXB1	HGG-H3.1/2K27M-Pons	HOXB
ENST00000330070:HOXB2	762.9403680941368	HOXB2	HGG-H3.1/2K27M-Pons	HOXB
ENST00000470495:HOXB3	288.50686188433747	HOXB3	HGG-H3.1/2K27M-Pons	HOXB
ENST00000332503:HOXB4	19.233790792289163	HOXB4	HGG-H3.1/2K27M-Pons	HOXB
ENST00000239151:HOXB5	8.548351463239628	HOXB5	HGG-H3.1/2K27M-Pons	HOXB
ENST00000484302:HOXB6	4.274175731619814	HOXB6	HGG-H3.1/2K27M-Pons	HOXB
ENST00000239165:HOXB7	2.137087865809907	HOXB7	HGG-H3.1/2K27M-Pons	HOXB
ENST00000239144:HOXB8	0	HOXB8	HGG-H3.1/2K27M-Pons	HOXB
ENST00000311177:HOXB9	0	HOXB9	HGG-H3.1/2K27M-Pons	HOXB
ENST00000290295:HOXB13	0	HOXB13	HGG-H3.1/2K27M-Pons	HOXB
ENST00000392539:HOXD13	13.404768128035242	HOXD13	HGG-H3.1/2K27M-Pons	HOXD
ENST00000406506:HOXD12	0	HOXD12	HGG-H3.1/2K27M-Pons	HOXD
ENST00000249504:HOXD11	0	HOXD11	HGG-H3.1/2K27M-Pons	HOXD
ENST00000249501:HOXD10	0	HOXD10	HGG-H3.1/2K27M-Pons	HOXD
ENST00000249499:HOXD9	11.729172112030836	HOXD9	HGG-H3.1/2K27M-Pons	HOXD
ENST00000313173:HOXD8	63.6726486081674	HOXD8	HGG-H3.1/2K27M-Pons	HOXD
ENST00000468418:HOXD3	223.9713341392555	HOXD3	HGG-H3.1/2K27M-Pons	HOXD
ENST00000306324:HOXD4	108.91374104028634	HOXD4	HGG-H3.1/2K27M-Pons	HOXD
ENST00000331462:HOXD1	57.52879654948458	HOXD1	HGG-H3.1/2K27M-Pons	HOXD
ENST00000343060:HOXA1	7.819448074687225	HOXA1	HGG-H3.1/2K27M-Pons	HOXA
ENST00000222718:HOXA2	167.00106959510572	HOXA2	HGG-H3.1/2K27M-Pons	HOXA
ENST00000396352:HOXA3	94.9504409069163	HOXA3	HGG-H3.1/2K27M-Pons	HOXA
ENST00000360046:HOXA4	11.170640106696036	HOXA4	HGG-H3.1/2K27M-Pons	HOXA
ENST00000222726:HOXA5	0	HOXA5	HGG-H3.1/2K27M-Pons	HOXA
ENST00000521478:HOXA6	0	HOXA6	HGG-H3.1/2K27M-Pons	HOXA
ENST00000242159:HOXA7	0	HOXA7	HGG-H3.1/2K27M-Pons	HOXA
ENST00000343483:HOXA9	2.234128021339207	HOXA9	HGG-H3.1/2K27M-Pons	HOXA
ENST00000283921:HOXA10	0	HOXA10	HGG-H3.1/2K27M-Pons	HOXA
ENST00000006015:HOXA11	4.468256042678414	HOXA11	HGG-H3.1/2K27M-Pons	HOXA
ENST00000222753:HOXA13	31.2777922987489	HOXA13	HGG-H3.1/2K27M-Pons	HOXA
ENST00000508190:HOXC9	0	HOXC9	HGG-H3.1/2K27M-Pons	HOXC
ENST00000243056:HOXC13	0	HOXC13	HGG-H3.1/2K27M-Pons	HOXC
ENST00000243103:HOXC12	0	HOXC12	HGG-H3.1/2K27M-Pons	HOXC
ENST00000243082:HOXC11	0	HOXC11	HGG-H3.1/2K27M-Pons	HOXC
ENST00000303460:HOXC10	0	HOXC10	HGG-H3.1/2K27M-Pons	HOXC
ENST00000040584:HOXC8	0	HOXC8	HGG-H3.1/2K27M-Pons	HOXC
ENST00000394331:HOXC6	0	HOXC6	HGG-H3.1/2K27M-Pons	HOXC
ENST00000312492:HOXC5	3.3511920320088104	HOXC5	HGG-H3.1/2K27M-Pons	HOXC
ENST00000609810:HOXC4	103.88695299227312	HOXC4	HGG-H3.1/2K27M-Pons	HOXC
ENST00000239174:HOXB1	0	HOXB1	HGG-H3.1/2K27M-Pons	HOXB
ENST00000330070:HOXB2	179.84730571780617	HOXB2	HGG-H3.1/2K27M-Pons	HOXB
ENST00000470495:HOXB3	154.7133654777401	HOXB3	HGG-H3.1/2K27M-Pons	HOXB
ENST00000332503:HOXB4	56.97026454414978	HOXB4	HGG-H3.1/2K27M-Pons	HOXB
ENST00000239151:HOXB5	10.053576096026433	HOXB5	HGG-H3.1/2K27M-Pons	HOXB
ENST00000484302:HOXB6	13.404768128035242	HOXB6	HGG-H3.1/2K27M-Pons	HOXB
ENST00000239165:HOXB7	7.819448074687225	HOXB7	HGG-H3.1/2K27M-Pons	HOXB
ENST00000239144:HOXB8	1.1170640106696035	HOXB8	HGG-H3.1/2K27M-Pons	HOXB
ENST00000311177:HOXB9	0	HOXB9	HGG-H3.1/2K27M-Pons	HOXB
ENST00000290295:HOXB13	0	HOXB13	HGG-H3.1/2K27M-Pons	HOXB
ENST00000392539:HOXD13	0	HOXD13	HGG-H3.1/2K27M-Pons	HOXD
ENST00000406506:HOXD12	0	HOXD12	HGG-H3.1/2K27M-Pons	HOXD
ENST00000249504:HOXD11	0	HOXD11	HGG-H3.1/2K27M-Pons	HOXD
ENST00000249501:HOXD10	0	HOXD10	HGG-H3.1/2K27M-Pons	HOXD
ENST00000249499:HOXD9	3.6292650886344884	HOXD9	HGG-H3.1/2K27M-Pons	HOXD
ENST00000313173:HOXD8	134.88768579424848	HOXD8	HGG-H3.1/2K27M-Pons	HOXD
ENST00000468418:HOXD3	364.13626389299367	HOXD3	HGG-H3.1/2K27M-Pons	HOXD
ENST00000306324:HOXD4	149.40474614878644	HOXD4	HGG-H3.1/2K27M-Pons	HOXD
ENST00000331462:HOXD1	73.7950568022346	HOXD1	HGG-H3.1/2K27M-Pons	HOXD
ENST00000343060:HOXA1	38.71216094543454	HOXA1	HGG-H3.1/2K27M-Pons	HOXA
ENST00000222718:HOXA2	368.97528401117296	HOXA2	HGG-H3.1/2K27M-Pons	HOXA
ENST00000396352:HOXA3	409.50207750092477	HOXA3	HGG-H3.1/2K27M-Pons	HOXA
ENST00000360046:HOXA4	326.0289804623315	HOXA4	HGG-H3.1/2K27M-Pons	HOXA
ENST00000222726:HOXA5	48.390201181793174	HOXA5	HGG-H3.1/2K27M-Pons	HOXA
ENST00000521478:HOXA6	2.4195100590896588	HOXA6	HGG-H3.1/2K27M-Pons	HOXA
ENST00000242159:HOXA7	6.048775147724147	HOXA7	HGG-H3.1/2K27M-Pons	HOXA
ENST00000343483:HOXA9	0.6048775147724147	HOXA9	HGG-H3.1/2K27M-Pons	HOXA
ENST00000283921:HOXA10	0	HOXA10	HGG-H3.1/2K27M-Pons	HOXA
ENST00000006015:HOXA11	0	HOXA11	HGG-H3.1/2K27M-Pons	HOXA
ENST00000222753:HOXA13	0	HOXA13	HGG-H3.1/2K27M-Pons	HOXA
ENST00000508190:HOXC9	1.2097550295448294	HOXC9	HGG-H3.1/2K27M-Pons	HOXC
ENST00000243056:HOXC13	0	HOXC13	HGG-H3.1/2K27M-Pons	HOXC
ENST00000243103:HOXC12	0	HOXC12	HGG-H3.1/2K27M-Pons	HOXC
ENST00000243082:HOXC11	0	HOXC11	HGG-H3.1/2K27M-Pons	HOXC
ENST00000303460:HOXC10	9.678040236358635	HOXC10	HGG-H3.1/2K27M-Pons	HOXC
ENST00000040584:HOXC8	6.048775147724147	HOXC8	HGG-H3.1/2K27M-Pons	HOXC
ENST00000394331:HOXC6	32.66338579771039	HOXC6	HGG-H3.1/2K27M-Pons	HOXC
ENST00000312492:HOXC5	31.453630768165564	HOXC5	HGG-H3.1/2K27M-Pons	HOXC
ENST00000609810:HOXC4	574.633639033794	HOXC4	HGG-H3.1/2K27M-Pons	HOXC
ENST00000239174:HOXB1	0	HOXB1	HGG-H3.1/2K27M-Pons	HOXB
ENST00000330070:HOXB2	609.1116573758216	HOXB2	HGG-H3.1/2K27M-Pons	HOXB
ENST00000470495:HOXB3	448.81911596113173	HOXB3	HGG-H3.1/2K27M-Pons	HOXB
ENST00000332503:HOXB4	52.019466270427664	HOXB4	HGG-H3.1/2K27M-Pons	HOXB
ENST00000239151:HOXB5	18.14632544317244	HOXB5	HGG-H3.1/2K27M-Pons	HOXB
ENST00000484302:HOXB6	0	HOXB6	HGG-H3.1/2K27M-Pons	HOXB
ENST00000239165:HOXB7	1.2097550295448294	HOXB7	HGG-H3.1/2K27M-Pons	HOXB
ENST00000239144:HOXB8	0	HOXB8	HGG-H3.1/2K27M-Pons	HOXB
ENST00000311177:HOXB9	1.2097550295448294	HOXB9	HGG-H3.1/2K27M-Pons	HOXB
ENST00000290295:HOXB13	0	HOXB13	HGG-H3.1/2K27M-Pons	HOXB
ENST00000392539:HOXD13	1.043298656291645	HOXD13	HGG-H3.3K27M-Pons	HOXD
ENST00000406506:HOXD12	0.5216493281458225	HOXD12	HGG-H3.3K27M-Pons	HOXD
ENST00000249504:HOXD11	2.08659731258329	HOXD11	HGG-H3.3K27M-Pons	HOXD
ENST00000249501:HOXD10	2.08659731258329	HOXD10	HGG-H3.3K27M-Pons	HOXD
ENST00000249499:HOXD9	163.27623970964248	HOXD9	HGG-H3.3K27M-Pons	HOXD
ENST00000313173:HOXD8	267.08445601066114	HOXD8	HGG-H3.3K27M-Pons	HOXD
ENST00000468418:HOXD3	992.6986714615003	HOXD3	HGG-H3.3K27M-Pons	HOXD
ENST00000306324:HOXD4	410.53802125076237	HOXD4	HGG-H3.3K27M-Pons	HOXD
ENST00000331462:HOXD1	16.69277850066632	HOXD1	HGG-H3.3K27M-Pons	HOXD
ENST00000343060:HOXA1	13.562882531791388	HOXA1	HGG-H3.3K27M-Pons	HOXA
ENST00000222718:HOXA2	203.96488730501662	HOXA2	HGG-H3.3K27M-Pons	HOXA
ENST00000396352:HOXA3	142.9319159119554	HOXA3	HGG-H3.3K27M-Pons	HOXA
ENST00000360046:HOXA4	119.9793454735392	HOXA4	HGG-H3.3K27M-Pons	HOXA
ENST00000222726:HOXA5	391.75864543751277	HOXA5	HGG-H3.3K27M-Pons	HOXA
ENST00000521478:HOXA6	296.2968183868272	HOXA6	HGG-H3.3K27M-Pons	HOXA
ENST00000242159:HOXA7	200.31334200799589	HOXA7	HGG-H3.3K27M-Pons	HOXA
ENST00000343483:HOXA9	477.30913525342766	HOXA9	HGG-H3.3K27M-Pons	HOXA
ENST00000283921:HOXA10	528.4307694117183	HOXA10	HGG-H3.3K27M-Pons	HOXA
ENST00000006015:HOXA11	87.11543780035237	HOXA11	HGG-H3.3K27M-Pons	HOXA
ENST00000222753:HOXA13	10.954635891062274	HOXA13	HGG-H3.3K27M-Pons	HOXA
ENST00000508190:HOXC9	141.36696792751792	HOXC9	HGG-H3.3K27M-Pons	HOXC
ENST00000243056:HOXC13	0	HOXC13	HGG-H3.3K27M-Pons	HOXC
ENST00000243103:HOXC12	1.5649479844374679	HOXC12	HGG-H3.3K27M-Pons	HOXC
ENST00000243082:HOXC11	0	HOXC11	HGG-H3.3K27M-Pons	HOXC
ENST00000303460:HOXC10	169.01438231924652	HOXC10	HGG-H3.3K27M-Pons	HOXC
ENST00000040584:HOXC8	227.96075639972446	HOXC8	HGG-H3.3K27M-Pons	HOXC
ENST00000394331:HOXC6	240.48034027522422	HOXC6	HGG-H3.3K27M-Pons	HOXC
ENST00000312492:HOXC5	46.94843953312403	HOXC5	HGG-H3.3K27M-Pons	HOXC
ENST00000609810:HOXC4	211.78962722720397	HOXC4	HGG-H3.3K27M-Pons	HOXC
ENST00000239174:HOXB1	1.043298656291645	HOXB1	HGG-H3.3K27M-Pons	HOXB
ENST00000330070:HOXB2	150.2350065059969	HOXB2	HGG-H3.3K27M-Pons	HOXB
ENST00000470495:HOXB3	111.63295622320604	HOXB3	HGG-H3.3K27M-Pons	HOXB
ENST00000332503:HOXB4	52.16493281458226	HOXB4	HGG-H3.3K27M-Pons	HOXB
ENST00000239151:HOXB5	0	HOXB5	HGG-H3.3K27M-Pons	HOXB
ENST00000484302:HOXB6	6.781441265895694	HOXB6	HGG-H3.3K27M-Pons	HOXB
ENST00000239165:HOXB7	1.043298656291645	HOXB7	HGG-H3.3K27M-Pons	HOXB
ENST00000239144:HOXB8	0	HOXB8	HGG-H3.3K27M-Pons	HOXB
ENST00000311177:HOXB9	1.043298656291645	HOXB9	HGG-H3.3K27M-Pons	HOXB
ENST00000290295:HOXB13	2.6082466407291127	HOXB13	HGG-H3.3K27M-Pons	HOXB
ENST00000392539:HOXD13	0	HOXD13	HGG-H3.3K27M-Thal.	HOXD
ENST00000406506:HOXD12	0	HOXD12	HGG-H3.3K27M-Thal.	HOXD
ENST00000249504:HOXD11	0	HOXD11	HGG-H3.3K27M-Thal.	HOXD
ENST00000249501:HOXD10	1.9957035268048327	HOXD10	HGG-H3.3K27M-Thal.	HOXD
ENST00000249499:HOXD9	6.984962343816915	HOXD9	HGG-H3.3K27M-Thal.	HOXD
ENST00000313173:HOXD8	11.974221160828996	HOXD8	HGG-H3.3K27M-Thal.	HOXD
ENST00000468418:HOXD3	10.97636939742658	HOXD3	HGG-H3.3K27M-Thal.	HOXD
ENST00000306324:HOXD4	10.97636939742658	HOXD4	HGG-H3.3K27M-Thal.	HOXD
ENST00000331462:HOXD1	0.9978517634024163	HOXD1	HGG-H3.3K27M-Thal.	HOXD
ENST00000343060:HOXA1	0	HOXA1	HGG-H3.3K27M-Thal.	HOXA
ENST00000222718:HOXA2	0	HOXA2	HGG-H3.3K27M-Thal.	HOXA
ENST00000396352:HOXA3	0.9978517634024163	HOXA3	HGG-H3.3K27M-Thal.	HOXA
ENST00000360046:HOXA4	0	HOXA4	HGG-H3.3K27M-Thal.	HOXA
ENST00000222726:HOXA5	0	HOXA5	HGG-H3.3K27M-Thal.	HOXA
ENST00000521478:HOXA6	0	HOXA6	HGG-H3.3K27M-Thal.	HOXA
ENST00000242159:HOXA7	0	HOXA7	HGG-H3.3K27M-Thal.	HOXA
ENST00000343483:HOXA9	1.9957035268048327	HOXA9	HGG-H3.3K27M-Thal.	HOXA
ENST00000283921:HOXA10	3.9914070536096653	HOXA10	HGG-H3.3K27M-Thal.	HOXA
ENST00000006015:HOXA11	0	HOXA11	HGG-H3.3K27M-Thal.	HOXA
ENST00000222753:HOXA13	5.987110580414498	HOXA13	HGG-H3.3K27M-Thal.	HOXA
ENST00000508190:HOXC9	0	HOXC9	HGG-H3.3K27M-Thal.	HOXC
ENST00000243056:HOXC13	0	HOXC13	HGG-H3.3K27M-Thal.	HOXC
ENST00000243103:HOXC12	0	HOXC12	HGG-H3.3K27M-Thal.	HOXC
ENST00000243082:HOXC11	0	HOXC11	HGG-H3.3K27M-Thal.	HOXC
ENST00000303460:HOXC10	0	HOXC10	HGG-H3.3K27M-Thal.	HOXC
ENST00000040584:HOXC8	0	HOXC8	HGG-H3.3K27M-Thal.	HOXC
ENST00000394331:HOXC6	1.9957035268048327	HOXC6	HGG-H3.3K27M-Thal.	HOXC
ENST00000312492:HOXC5	0	HOXC5	HGG-H3.3K27M-Thal.	HOXC
ENST00000609810:HOXC4	3.9914070536096653	HOXC4	HGG-H3.3K27M-Thal.	HOXC
ENST00000239174:HOXB1	0	HOXB1	HGG-H3.3K27M-Thal.	HOXB
ENST00000330070:HOXB2	1.9957035268048327	HOXB2	HGG-H3.3K27M-Thal.	HOXB
ENST00000470495:HOXB3	3.9914070536096653	HOXB3	HGG-H3.3K27M-Thal.	HOXB
ENST00000332503:HOXB4	1.9957035268048327	HOXB4	HGG-H3.3K27M-Thal.	HOXB
ENST00000239151:HOXB5	0	HOXB5	HGG-H3.3K27M-Thal.	HOXB
ENST00000484302:HOXB6	1.9957035268048327	HOXB6	HGG-H3.3K27M-Thal.	HOXB
ENST00000239165:HOXB7	3.9914070536096653	HOXB7	HGG-H3.3K27M-Thal.	HOXB
ENST00000239144:HOXB8	0	HOXB8	HGG-H3.3K27M-Thal.	HOXB
ENST00000311177:HOXB9	0	HOXB9	HGG-H3.3K27M-Thal.	HOXB
ENST00000290295:HOXB13	0	HOXB13	HGG-H3.3K27M-Thal.	HOXB
ENST00000392539:HOXD13	0	HOXD13	HGG-H3.1/2K27M-Pons	HOXD
ENST00000406506:HOXD12	0	HOXD12	HGG-H3.1/2K27M-Pons	HOXD
ENST00000249504:HOXD11	1.6686278910937529	HOXD11	HGG-H3.1/2K27M-Pons	HOXD
ENST00000249501:HOXD10	5.005883673281259	HOXD10	HGG-H3.1/2K27M-Pons	HOXD
ENST00000249499:HOXD9	18.35490680203128	HOXD9	HGG-H3.1/2K27M-Pons	HOXD
ENST00000313173:HOXD8	282.8324275403911	HOXD8	HGG-H3.1/2K27M-Pons	HOXD
ENST00000468418:HOXD3	428.0030540655476	HOXD3	HGG-H3.1/2K27M-Pons	HOXD
ENST00000306324:HOXD4	178.54318434703157	HOXD4	HGG-H3.1/2K27M-Pons	HOXD
ENST00000331462:HOXD1	18.35490680203128	HOXD1	HGG-H3.1/2K27M-Pons	HOXD
ENST00000343060:HOXA1	13.349023128750023	HOXA1	HGG-H3.1/2K27M-Pons	HOXA
ENST00000222718:HOXA2	224.43045135210977	HOXA2	HGG-H3.1/2K27M-Pons	HOXA
ENST00000396352:HOXA3	126.81571972312521	HOXA3	HGG-H3.1/2K27M-Pons	HOXA
ENST00000360046:HOXA4	3.3372557821875057	HOXA4	HGG-H3.1/2K27M-Pons	HOXA
ENST00000222726:HOXA5	1.6686278910937529	HOXA5	HGG-H3.1/2K27M-Pons	HOXA
ENST00000521478:HOXA6	0	HOXA6	HGG-H3.1/2K27M-Pons	HOXA
ENST00000242159:HOXA7	0	HOXA7	HGG-H3.1/2K27M-Pons	HOXA
ENST00000343483:HOXA9	0	HOXA9	HGG-H3.1/2K27M-Pons	HOXA
ENST00000283921:HOXA10	0	HOXA10	HGG-H3.1/2K27M-Pons	HOXA
ENST00000006015:HOXA11	1.6686278910937529	HOXA11	HGG-H3.1/2K27M-Pons	HOXA
ENST00000222753:HOXA13	139.33042890632836	HOXA13	HGG-H3.1/2K27M-Pons	HOXA
ENST00000508190:HOXC9	0	HOXC9	HGG-H3.1/2K27M-Pons	HOXC
ENST00000243056:HOXC13	0	HOXC13	HGG-H3.1/2K27M-Pons	HOXC
ENST00000243103:HOXC12	0	HOXC12	HGG-H3.1/2K27M-Pons	HOXC
ENST00000243082:HOXC11	0	HOXC11	HGG-H3.1/2K27M-Pons	HOXC
ENST00000303460:HOXC10	0	HOXC10	HGG-H3.1/2K27M-Pons	HOXC
ENST00000040584:HOXC8	0	HOXC8	HGG-H3.1/2K27M-Pons	HOXC
ENST00000394331:HOXC6	0	HOXC6	HGG-H3.1/2K27M-Pons	HOXC
ENST00000312492:HOXC5	0	HOXC5	HGG-H3.1/2K27M-Pons	HOXC
ENST00000609810:HOXC4	6.6745115643750115	HOXC4	HGG-H3.1/2K27M-Pons	HOXC
ENST00000239174:HOXB1	0	HOXB1	HGG-H3.1/2K27M-Pons	HOXB
ENST00000330070:HOXB2	239.44810237195352	HOXB2	HGG-H3.1/2K27M-Pons	HOXB
ENST00000470495:HOXB3	159.3539635994534	HOXB3	HGG-H3.1/2K27M-Pons	HOXB
ENST00000332503:HOXB4	1.6686278910937529	HOXB4	HGG-H3.1/2K27M-Pons	HOXB
ENST00000239151:HOXB5	0	HOXB5	HGG-H3.1/2K27M-Pons	HOXB
ENST00000484302:HOXB6	0	HOXB6	HGG-H3.1/2K27M-Pons	HOXB
ENST00000239165:HOXB7	0	HOXB7	HGG-H3.1/2K27M-Pons	HOXB
ENST00000239144:HOXB8	0	HOXB8	HGG-H3.1/2K27M-Pons	HOXB
ENST00000311177:HOXB9	1.6686278910937529	HOXB9	HGG-H3.1/2K27M-Pons	HOXB
ENST00000290295:HOXB13	0	HOXB13	HGG-H3.1/2K27M-Pons	HOXB
ENST00000392539:HOXD13	0	HOXD13	HGG-H3.3K27M-Pons	HOXD
ENST00000406506:HOXD12	0	HOXD12	HGG-H3.3K27M-Pons	HOXD
ENST00000249504:HOXD11	0	HOXD11	HGG-H3.3K27M-Pons	HOXD
ENST00000249501:HOXD10	0	HOXD10	HGG-H3.3K27M-Pons	HOXD
ENST00000249499:HOXD9	8.819012557067037	HOXD9	HGG-H3.3K27M-Pons	HOXD
ENST00000313173:HOXD8	5.879341704711358	HOXD8	HGG-H3.3K27M-Pons	HOXD
ENST00000468418:HOXD3	398.3254004941945	HOXD3	HGG-H3.3K27M-Pons	HOXD
ENST00000306324:HOXD4	111.7074923895158	HOXD4	HGG-H3.3K27M-Pons	HOXD
ENST00000331462:HOXD1	11.758683409422716	HOXD1	HGG-H3.3K27M-Pons	HOXD
ENST00000343060:HOXA1	0	HOXA1	HGG-H3.3K27M-Pons	HOXA
ENST00000222718:HOXA2	552.6581202428677	HOXA2	HGG-H3.3K27M-Pons	HOXA
ENST00000396352:HOXA3	493.8647031957541	HOXA3	HGG-H3.3K27M-Pons	HOXA
ENST00000360046:HOXA4	32.33637937591247	HOXA4	HGG-H3.3K27M-Pons	HOXA
ENST00000222726:HOXA5	0	HOXA5	HGG-H3.3K27M-Pons	HOXA
ENST00000521478:HOXA6	0	HOXA6	HGG-H3.3K27M-Pons	HOXA
ENST00000242159:HOXA7	2.939670852355679	HOXA7	HGG-H3.3K27M-Pons	HOXA
ENST00000343483:HOXA9	2.939670852355679	HOXA9	HGG-H3.3K27M-Pons	HOXA
ENST00000283921:HOXA10	0	HOXA10	HGG-H3.3K27M-Pons	HOXA
ENST00000006015:HOXA11	0	HOXA11	HGG-H3.3K27M-Pons	HOXA
ENST00000222753:HOXA13	2.939670852355679	HOXA13	HGG-H3.3K27M-Pons	HOXA
ENST00000508190:HOXC9	0	HOXC9	HGG-H3.3K27M-Pons	HOXC
ENST00000243056:HOXC13	0	HOXC13	HGG-H3.3K27M-Pons	HOXC
ENST00000243103:HOXC12	0	HOXC12	HGG-H3.3K27M-Pons	HOXC
ENST00000243082:HOXC11	0	HOXC11	HGG-H3.3K27M-Pons	HOXC
ENST00000303460:HOXC10	0	HOXC10	HGG-H3.3K27M-Pons	HOXC
ENST00000040584:HOXC8	0	HOXC8	HGG-H3.3K27M-Pons	HOXC
ENST00000394331:HOXC6	0	HOXC6	HGG-H3.3K27M-Pons	HOXC
ENST00000312492:HOXC5	14.698354261778395	HOXC5	HGG-H3.3K27M-Pons	HOXC
ENST00000609810:HOXC4	285.14807267850085	HOXC4	HGG-H3.3K27M-Pons	HOXC
ENST00000239174:HOXB1	0	HOXB1	HGG-H3.3K27M-Pons	HOXB
ENST00000330070:HOXB2	163.15173230574018	HOXB2	HGG-H3.3K27M-Pons	HOXB
ENST00000470495:HOXB3	60.26325247329142	HOXB3	HGG-H3.3K27M-Pons	HOXB
ENST00000332503:HOXB4	8.819012557067037	HOXB4	HGG-H3.3K27M-Pons	HOXB
ENST00000239151:HOXB5	2.939670852355679	HOXB5	HGG-H3.3K27M-Pons	HOXB
ENST00000484302:HOXB6	0	HOXB6	HGG-H3.3K27M-Pons	HOXB
ENST00000239165:HOXB7	0	HOXB7	HGG-H3.3K27M-Pons	HOXB
ENST00000239144:HOXB8	0	HOXB8	HGG-H3.3K27M-Pons	HOXB
ENST00000311177:HOXB9	0	HOXB9	HGG-H3.3K27M-Pons	HOXB
ENST00000290295:HOXB13	0	HOXB13	HGG-H3.3K27M-Pons	HOXB
ENST00000392539:HOXD13	0	HOXD13	HGG-H3.3K27M-Thal.	HOXD
ENST00000406506:HOXD12	0	HOXD12	HGG-H3.3K27M-Thal.	HOXD
ENST00000249504:HOXD11	0	HOXD11	HGG-H3.3K27M-Thal.	HOXD
ENST00000249501:HOXD10	0	HOXD10	HGG-H3.3K27M-Thal.	HOXD
ENST00000249499:HOXD9	0	HOXD9	HGG-H3.3K27M-Thal.	HOXD
ENST00000313173:HOXD8	0	HOXD8	HGG-H3.3K27M-Thal.	HOXD
ENST00000468418:HOXD3	2.5181816061389473	HOXD3	HGG-H3.3K27M-Thal.	HOXD
ENST00000306324:HOXD4	2.5181816061389473	HOXD4	HGG-H3.3K27M-Thal.	HOXD
ENST00000331462:HOXD1	2.5181816061389473	HOXD1	HGG-H3.3K27M-Thal.	HOXD
ENST00000343060:HOXA1	0	HOXA1	HGG-H3.3K27M-Thal.	HOXA
ENST00000222718:HOXA2	7.554544818416842	HOXA2	HGG-H3.3K27M-Thal.	HOXA
ENST00000396352:HOXA3	0	HOXA3	HGG-H3.3K27M-Thal.	HOXA
ENST00000360046:HOXA4	0	HOXA4	HGG-H3.3K27M-Thal.	HOXA
ENST00000222726:HOXA5	0	HOXA5	HGG-H3.3K27M-Thal.	HOXA
ENST00000521478:HOXA6	0	HOXA6	HGG-H3.3K27M-Thal.	HOXA
ENST00000242159:HOXA7	0	HOXA7	HGG-H3.3K27M-Thal.	HOXA
ENST00000343483:HOXA9	2.5181816061389473	HOXA9	HGG-H3.3K27M-Thal.	HOXA
ENST00000283921:HOXA10	0	HOXA10	HGG-H3.3K27M-Thal.	HOXA
ENST00000006015:HOXA11	0	HOXA11	HGG-H3.3K27M-Thal.	HOXA
ENST00000222753:HOXA13	0	HOXA13	HGG-H3.3K27M-Thal.	HOXA
ENST00000508190:HOXC9	0	HOXC9	HGG-H3.3K27M-Thal.	HOXC
ENST00000243056:HOXC13	0	HOXC13	HGG-H3.3K27M-Thal.	HOXC
ENST00000243103:HOXC12	0	HOXC12	HGG-H3.3K27M-Thal.	HOXC
ENST00000243082:HOXC11	0	HOXC11	HGG-H3.3K27M-Thal.	HOXC
ENST00000303460:HOXC10	0	HOXC10	HGG-H3.3K27M-Thal.	HOXC
ENST00000040584:HOXC8	0	HOXC8	HGG-H3.3K27M-Thal.	HOXC
ENST00000394331:HOXC6	0	HOXC6	HGG-H3.3K27M-Thal.	HOXC
ENST00000312492:HOXC5	0	HOXC5	HGG-H3.3K27M-Thal.	HOXC
ENST00000609810:HOXC4	0	HOXC4	HGG-H3.3K27M-Thal.	HOXC
ENST00000239174:HOXB1	0	HOXB1	HGG-H3.3K27M-Thal.	HOXB
ENST00000330070:HOXB2	5.0363632122778945	HOXB2	HGG-H3.3K27M-Thal.	HOXB
ENST00000470495:HOXB3	5.0363632122778945	HOXB3	HGG-H3.3K27M-Thal.	HOXB
ENST00000332503:HOXB4	5.0363632122778945	HOXB4	HGG-H3.3K27M-Thal.	HOXB
ENST00000239151:HOXB5	0	HOXB5	HGG-H3.3K27M-Thal.	HOXB
ENST00000484302:HOXB6	0	HOXB6	HGG-H3.3K27M-Thal.	HOXB
ENST00000239165:HOXB7	10.072726424555789	HOXB7	HGG-H3.3K27M-Thal.	HOXB
ENST00000239144:HOXB8	0	HOXB8	HGG-H3.3K27M-Thal.	HOXB
ENST00000311177:HOXB9	0	HOXB9	HGG-H3.3K27M-Thal.	HOXB
ENST00000290295:HOXB13	0	HOXB13	HGG-H3.3K27M-Thal.	HOXB
ENST00000392539:HOXD13	0	HOXD13	HGG-H3.3K27M-Thal.	HOXD
ENST00000406506:HOXD12	0	HOXD12	HGG-H3.3K27M-Thal.	HOXD
ENST00000249504:HOXD11	0	HOXD11	HGG-H3.3K27M-Thal.	HOXD
ENST00000249501:HOXD10	0	HOXD10	HGG-H3.3K27M-Thal.	HOXD
ENST00000249499:HOXD9	2.402547730653072	HOXD9	HGG-H3.3K27M-Thal.	HOXD
ENST00000313173:HOXD8	0	HOXD8	HGG-H3.3K27M-Thal.	HOXD
ENST00000468418:HOXD3	33.63566822914301	HOXD3	HGG-H3.3K27M-Thal.	HOXD
ENST00000306324:HOXD4	0	HOXD4	HGG-H3.3K27M-Thal.	HOXD
ENST00000331462:HOXD1	13.214012518591895	HOXD1	HGG-H3.3K27M-Thal.	HOXD
ENST00000343060:HOXA1	2.402547730653072	HOXA1	HGG-H3.3K27M-Thal.	HOXA
ENST00000222718:HOXA2	0	HOXA2	HGG-H3.3K27M-Thal.	HOXA
ENST00000396352:HOXA3	0	HOXA3	HGG-H3.3K27M-Thal.	HOXA
ENST00000360046:HOXA4	0	HOXA4	HGG-H3.3K27M-Thal.	HOXA
ENST00000222726:HOXA5	0	HOXA5	HGG-H3.3K27M-Thal.	HOXA
ENST00000521478:HOXA6	0	HOXA6	HGG-H3.3K27M-Thal.	HOXA
ENST00000242159:HOXA7	0	HOXA7	HGG-H3.3K27M-Thal.	HOXA
ENST00000343483:HOXA9	2.402547730653072	HOXA9	HGG-H3.3K27M-Thal.	HOXA
ENST00000283921:HOXA10	0	HOXA10	HGG-H3.3K27M-Thal.	HOXA
ENST00000006015:HOXA11	0	HOXA11	HGG-H3.3K27M-Thal.	HOXA
ENST00000222753:HOXA13	2.402547730653072	HOXA13	HGG-H3.3K27M-Thal.	HOXA
ENST00000508190:HOXC9	0	HOXC9	HGG-H3.3K27M-Thal.	HOXC
ENST00000243056:HOXC13	0	HOXC13	HGG-H3.3K27M-Thal.	HOXC
ENST00000243103:HOXC12	0	HOXC12	HGG-H3.3K27M-Thal.	HOXC
ENST00000243082:HOXC11	0	HOXC11	HGG-H3.3K27M-Thal.	HOXC
ENST00000303460:HOXC10	0	HOXC10	HGG-H3.3K27M-Thal.	HOXC
ENST00000040584:HOXC8	0	HOXC8	HGG-H3.3K27M-Thal.	HOXC
ENST00000394331:HOXC6	0	HOXC6	HGG-H3.3K27M-Thal.	HOXC
ENST00000312492:HOXC5	0	HOXC5	HGG-H3.3K27M-Thal.	HOXC
ENST00000609810:HOXC4	0	HOXC4	HGG-H3.3K27M-Thal.	HOXC
ENST00000239174:HOXB1	0	HOXB1	HGG-H3.3K27M-Thal.	HOXB
ENST00000330070:HOXB2	0	HOXB2	HGG-H3.3K27M-Thal.	HOXB
ENST00000470495:HOXB3	0	HOXB3	HGG-H3.3K27M-Thal.	HOXB
ENST00000332503:HOXB4	2.402547730653072	HOXB4	HGG-H3.3K27M-Thal.	HOXB
ENST00000239151:HOXB5	0	HOXB5	HGG-H3.3K27M-Thal.	HOXB
ENST00000484302:HOXB6	0	HOXB6	HGG-H3.3K27M-Thal.	HOXB
ENST00000239165:HOXB7	0	HOXB7	HGG-H3.3K27M-Thal.	HOXB
ENST00000239144:HOXB8	0	HOXB8	HGG-H3.3K27M-Thal.	HOXB
ENST00000311177:HOXB9	0	HOXB9	HGG-H3.3K27M-Thal.	HOXB
ENST00000290295:HOXB13	0	HOXB13	HGG-H3.3K27M-Thal.	HOXB
ENST00000392539:HOXD13	0	HOXD13	HGG-H3.1/2K27M-Pons	HOXD
ENST00000406506:HOXD12	0	HOXD12	HGG-H3.1/2K27M-Pons	HOXD
ENST00000249504:HOXD11	0	HOXD11	HGG-H3.1/2K27M-Pons	HOXD
ENST00000249501:HOXD10	4.236786357572858	HOXD10	HGG-H3.1/2K27M-Pons	HOXD
ENST00000249499:HOXD9	38.97843448967029	HOXD9	HGG-H3.1/2K27M-Pons	HOXD
ENST00000313173:HOXD8	787.194905237037	HOXD8	HGG-H3.1/2K27M-Pons	HOXD
ENST00000468418:HOXD3	1332.0456308209066	HOXD3	HGG-H3.1/2K27M-Pons	HOXD
ENST00000306324:HOXD4	608.4025209474623	HOXD4	HGG-H3.1/2K27M-Pons	HOXD
ENST00000331462:HOXD1	5.084143629087429	HOXD1	HGG-H3.1/2K27M-Pons	HOXD
ENST00000343060:HOXA1	13.557716344233144	HOXA1	HGG-H3.1/2K27M-Pons	HOXA
ENST00000222718:HOXA2	181.33445610411832	HOXA2	HGG-H3.1/2K27M-Pons	HOXA
ENST00000396352:HOXA3	323.69047771856634	HOXA3	HGG-H3.1/2K27M-Pons	HOXA
ENST00000360046:HOXA4	9.320929986660287	HOXA4	HGG-H3.1/2K27M-Pons	HOXA
ENST00000222726:HOXA5	0	HOXA5	HGG-H3.1/2K27M-Pons	HOXA
ENST00000521478:HOXA6	0	HOXA6	HGG-H3.1/2K27M-Pons	HOXA
ENST00000242159:HOXA7	0	HOXA7	HGG-H3.1/2K27M-Pons	HOXA
ENST00000343483:HOXA9	0	HOXA9	HGG-H3.1/2K27M-Pons	HOXA
ENST00000283921:HOXA10	3.389429086058286	HOXA10	HGG-H3.1/2K27M-Pons	HOXA
ENST00000006015:HOXA11	3.389429086058286	HOXA11	HGG-H3.1/2K27M-Pons	HOXA
ENST00000222753:HOXA13	62.70443809207829	HOXA13	HGG-H3.1/2K27M-Pons	HOXA
ENST00000508190:HOXC9	0	HOXC9	HGG-H3.1/2K27M-Pons	HOXC
ENST00000243056:HOXC13	0	HOXC13	HGG-H3.1/2K27M-Pons	HOXC
ENST00000243103:HOXC12	0	HOXC12	HGG-H3.1/2K27M-Pons	HOXC
ENST00000243082:HOXC11	0	HOXC11	HGG-H3.1/2K27M-Pons	HOXC
ENST00000303460:HOXC10	1.694714543029143	HOXC10	HGG-H3.1/2K27M-Pons	HOXC
ENST00000040584:HOXC8	0	HOXC8	HGG-H3.1/2K27M-Pons	HOXC
ENST00000394331:HOXC6	0	HOXC6	HGG-H3.1/2K27M-Pons	HOXC
ENST00000312492:HOXC5	1.694714543029143	HOXC5	HGG-H3.1/2K27M-Pons	HOXC
ENST00000609810:HOXC4	54.23086537693258	HOXC4	HGG-H3.1/2K27M-Pons	HOXC
ENST00000239174:HOXB1	0	HOXB1	HGG-H3.1/2K27M-Pons	HOXB
ENST00000330070:HOXB2	341.4849804203723	HOXB2	HGG-H3.1/2K27M-Pons	HOXB
ENST00000470495:HOXB3	198.28160153440973	HOXB3	HGG-H3.1/2K27M-Pons	HOXB
ENST00000332503:HOXB4	3.389429086058286	HOXB4	HGG-H3.1/2K27M-Pons	HOXB
ENST00000239151:HOXB5	0	HOXB5	HGG-H3.1/2K27M-Pons	HOXB
ENST00000484302:HOXB6	0	HOXB6	HGG-H3.1/2K27M-Pons	HOXB
ENST00000239165:HOXB7	3.389429086058286	HOXB7	HGG-H3.1/2K27M-Pons	HOXB
ENST00000239144:HOXB8	0	HOXB8	HGG-H3.1/2K27M-Pons	HOXB
ENST00000311177:HOXB9	0	HOXB9	HGG-H3.1/2K27M-Pons	HOXB
ENST00000290295:HOXB13	0	HOXB13	HGG-H3.1/2K27M-Pons	HOXB
ENST00000392539:HOXD13	0	HOXD13	HGG-H3.3K27M-Pons	HOXD
ENST00000406506:HOXD12	0	HOXD12	HGG-H3.3K27M-Pons	HOXD
ENST00000249504:HOXD11	0	HOXD11	HGG-H3.3K27M-Pons	HOXD
ENST00000249501:HOXD10	3.1383665251133728	HOXD10	HGG-H3.3K27M-Pons	HOXD
ENST00000249499:HOXD9	6.2767330502267455	HOXD9	HGG-H3.3K27M-Pons	HOXD
ENST00000313173:HOXD8	25.368462744666427	HOXD8	HGG-H3.3K27M-Pons	HOXD
ENST00000468418:HOXD3	295.5295144481759	HOXD3	HGG-H3.3K27M-Pons	HOXD
ENST00000306324:HOXD4	194.5787245570291	HOXD4	HGG-H3.3K27M-Pons	HOXD
ENST00000331462:HOXD1	61.72120832722966	HOXD1	HGG-H3.3K27M-Pons	HOXD
ENST00000343060:HOXA1	19.876321325718028	HOXA1	HGG-H3.3K27M-Pons	HOXA
ENST00000222718:HOXA2	311.2213470737428	HOXA2	HGG-H3.3K27M-Pons	HOXA
ENST00000396352:HOXA3	56.22906690828126	HOXA3	HGG-H3.3K27M-Pons	HOXA
ENST00000360046:HOXA4	4.184488700151164	HOXA4	HGG-H3.3K27M-Pons	HOXA
ENST00000222726:HOXA5	7.584385769023983	HOXA5	HGG-H3.3K27M-Pons	HOXA
ENST00000521478:HOXA6	4.707549787670059	HOXA6	HGG-H3.3K27M-Pons	HOXA
ENST00000242159:HOXA7	8.368977400302327	HOXA7	HGG-H3.3K27M-Pons	HOXA
ENST00000343483:HOXA9	8.892038487821223	HOXA9	HGG-H3.3K27M-Pons	HOXA
ENST00000283921:HOXA10	6.2767330502267455	HOXA10	HGG-H3.3K27M-Pons	HOXA
ENST00000006015:HOXA11	0	HOXA11	HGG-H3.3K27M-Pons	HOXA
ENST00000222753:HOXA13	1.5691832625566864	HOXA13	HGG-H3.3K27M-Pons	HOXA
ENST00000508190:HOXC9	1.046122175037791	HOXC9	HGG-H3.3K27M-Pons	HOXC
ENST00000243056:HOXC13	0	HOXC13	HGG-H3.3K27M-Pons	HOXC
ENST00000243103:HOXC12	0	HOXC12	HGG-H3.3K27M-Pons	HOXC
ENST00000243082:HOXC11	0	HOXC11	HGG-H3.3K27M-Pons	HOXC
ENST00000303460:HOXC10	0.5230610875188955	HOXC10	HGG-H3.3K27M-Pons	HOXC
ENST00000040584:HOXC8	0.5230610875188955	HOXC8	HGG-H3.3K27M-Pons	HOXC
ENST00000394331:HOXC6	2.092244350075582	HOXC6	HGG-H3.3K27M-Pons	HOXC
ENST00000312492:HOXC5	0	HOXC5	HGG-H3.3K27M-Pons	HOXC
ENST00000609810:HOXC4	35.30662340752544	HOXC4	HGG-H3.3K27M-Pons	HOXC
ENST00000239174:HOXB1	0	HOXB1	HGG-H3.3K27M-Pons	HOXB
ENST00000330070:HOXB2	104.0891564162602	HOXB2	HGG-H3.3K27M-Pons	HOXB
ENST00000470495:HOXB3	116.11956142919479	HOXB3	HGG-H3.3K27M-Pons	HOXB
ENST00000332503:HOXB4	3.1383665251133728	HOXB4	HGG-H3.3K27M-Pons	HOXB
ENST00000239151:HOXB5	0	HOXB5	HGG-H3.3K27M-Pons	HOXB
ENST00000484302:HOXB6	4.184488700151164	HOXB6	HGG-H3.3K27M-Pons	HOXB
ENST00000239165:HOXB7	2.6153054375944773	HOXB7	HGG-H3.3K27M-Pons	HOXB
ENST00000239144:HOXB8	0	HOXB8	HGG-H3.3K27M-Pons	HOXB
ENST00000311177:HOXB9	0	HOXB9	HGG-H3.3K27M-Pons	HOXB
ENST00000290295:HOXB13	0	HOXB13	HGG-H3.3K27M-Pons	HOXB
